shap,b,h,t,l,fy,fc,et,eb,n,A
1.00,169.30,169.30,2.62,305.00,338.10,37.10,0.00,0.00,1308.00,28662.49
1.00,169.30,169.30,2.62,305.00,338.10,34.10,0.00,0.00,1330.00,28662.49
1.00,168.30,168.30,3.60,305.00,288.40,27.00,0.00,0.00,1557.00,28324.89
1.00,168.30,168.30,3.60,305.00,288.40,33.30,0.00,0.00,1432.00,28324.89
1.00,168.30,168.30,3.60,305.00,288.40,33.30,0.00,0.00,1463.00,28324.89
1.00,168.80,168.80,5.00,305.00,200.20,33.40,0.00,0.00,1966.00,28493.44
1.00,168.80,168.80,5.00,305.00,200.20,33.40,0.00,0.00,1970.00,28493.44
1.00,168.80,168.80,5.00,305.00,200.20,27.90,0.00,0.00,1984.00,28493.44
1.00,168.80,168.80,5.00,305.00,200.20,27.90,0.00,0.00,1984.00,28493.44
1.00,168.80,168.80,2.64,1830.00,200.20,18.20,0.00,0.00,823.00,28493.44
1.00,168.80,168.80,2.64,1830.00,200.20,34.70,0.00,0.00,916.00,28493.44
1.00,169.30,169.30,2.62,1830.00,338.10,37.10,0.00,0.00,756.00,28662.49
1.00,169.30,169.30,2.62,1830.00,338.10,34.10,0.00,0.00,689.00,28662.49
1.00,168.30,168.30,3.60,2135.00,288.40,27.00,0.00,0.00,947.00,28324.89
1.00,168.30,168.30,3.60,2135.00,288.40,33.30,0.00,0.00,1050.00,28324.89
1.00,168.80,168.80,5.00,2135.00,302.40,33.40,0.00,0.00,1130.00,28493.44
1.00,168.80,168.80,5.00,2135.00,302.40,27.80,0.00,0.00,1165.00,28493.44
1.00,114.30,114.30,3.50,229.00,350.00,33.40,0.00,0.00,969.00,13064.49
1.00,114.30,114.30,4.50,229.00,339.00,33.40,0.00,0.00,1069.00,13064.49
1.00,178.00,178.00,9.00,360.00,283.31,22.16,0.00,0.00,2922.38,31684
1.00,178.00,178.00,9.00,360.00,283.31,22.16,0.00,0.00,2853.74,31684
1.00,179.00,179.00,5.50,360.00,248.50,22.16,0.00,0.00,1814.23,32041
1.00,179.00,179.00,5.50,360.00,248.50,23.93,0.00,0.00,1814.23,32041
1.00,179.00,179.00,5.50,360.00,248.50,43.64,0.00,0.00,2039.78,32041
1.00,179.00,179.00,5.50,360.00,248.50,43.64,0.00,0.00,2029.98,32041
1.00,174.00,174.00,3.00,360.00,265.96,23.93,0.00,0.00,1314.09,30276
1.00,174.00,174.00,3.00,360.00,265.96,23.93,0.00,0.00,1304.28,30276
1.00,174.00,174.00,3.00,360.00,265.96,45.70,0.00,0.00,1608.29,30276
1.00,174.00,174.00,3.00,360.00,265.96,45.70,0.00,0.00,1676.94,30276
1.00,159.00,159.00,5.07,477.00,381.50,41.50,0.00,0.00,2230.00,25281
1.00,165.00,165.00,4.50,660.00,254.40,33.20,0.00,0.00,1647.00,27225
1.00,114.00,114.00,4.50,456.00,271.00,33.20,0.00,0.00,1033.00,12996
1.00,88.50,88.50,4.00,354.00,232.00,33.20,0.00,0.00,602.00,7832.25
1.00,60.00,60.00,3.50,240.00,223.00,33.20,0.00,0.00,334.00,3600
1.00,48.00,48.00,3.50,192.00,304.00,33.20,0.00,0.00,273.00,2304
1.00,131.76,131.76,2.38,264.00,235.00,17.40,0.00,0.00,535.00,17360.6976
1.00,134.30,134.30,3.12,264.00,235.00,26.60,0.00,0.00,681.00,18036.49
1.00,130.60,130.60,4.30,264.00,235.00,26.60,0.00,0.00,725.00,17056.36
1.00,132.45,132.45,5.25,264.00,235.00,26.60,0.00,0.00,872.00,17543.0025
1.00,134.10,134.10,6.20,264.00,235.00,26.60,0.00,0.00,1006.00,17982.81
1.00,101.80,101.80,2.94,200.00,320.00,18.00,0.00,0.00,628.00,10363.24
1.00,101.80,101.80,2.94,200.00,320.00,37.40,0.00,0.00,660.00,10363.24
1.00,101.80,101.80,5.70,200.00,305.00,18.00,0.00,0.00,954.00,10363.24
1.00,101.80,101.80,5.70,200.00,305.00,37.40,0.00,0.00,971.00,10363.24
1.00,100.00,100.00,0.52,200.00,244.00,18.00,0.00,0.00,239.00,10000
1.00,100.00,100.00,0.52,200.00,244.00,37.40,0.00,0.00,396.00,10000
1.00,86.49,86.49,2.74,270.00,226.70,30.20,0.00,0.00,412.00,7480.5201
1.00,89.27,89.27,4.00,270.00,226.70,30.20,0.00,0.00,491.00,7969.1329
1.00,86.54,86.54,2.80,270.00,226.70,48.00,0.00,0.00,489.00,7489.1716
1.00,89.19,89.19,4.05,270.00,226.70,48.00,0.00,0.00,605.00,7954.8561
1.00,165.20,165.20,4.17,660.80,358.70,40.90,0.00,0.00,1594.00,27291.04
1.00,76.00,76.00,2.20,266.00,390.00,57.00,0.00,0.00,470.00,5776
1.00,76.00,76.00,2.20,266.00,390.00,57.00,0.00,0.00,480.00,5776
1.00,76.00,76.00,2.20,266.00,390.00,57.00,0.00,0.00,420.00,5776
1.00,76.00,76.00,2.20,266.00,390.00,57.00,0.00,0.00,465.00,5776
1.00,101.70,101.70,2.40,356.00,380.00,57.00,0.00,0.00,770.00,10342.89
1.00,101.70,101.70,2.40,356.00,380.00,57.00,0.00,0.00,775.00,10342.89
1.00,101.70,101.70,2.40,356.00,380.00,57.00,0.00,0.00,740.00,10342.89
1.00,101.70,101.70,2.40,356.00,380.00,57.00,0.00,0.00,690.00,10342.89
1.00,101.70,101.70,2.40,356.00,380.00,57.00,0.00,0.00,775.00,10342.89
1.00,165.00,165.00,2.82,580.50,363.30,48.30,0.00,0.00,1661.60,27225
1.00,190.00,190.00,1.94,663.50,256.40,41.00,0.00,0.00,1678.20,36100
1.00,190.00,190.00,1.52,664.50,306.10,48.30,0.00,0.00,1694.80,36100
1.00,190.00,190.00,1.13,664.50,185.70,41.00,0.00,0.00,1376.60,36100
1.00,190.00,190.00,0.86,659.00,210.70,41.00,0.00,0.00,1349.90,36100
1.00,165.00,165.00,2.82,580.50,363.30,80.20,0.00,0.00,2295.00,27225
1.00,190.00,190.00,1.94,663.50,256.40,74.70,0.00,0.00,2592.00,36100
1.00,190.00,190.00,1.52,663.50,306.10,80.20,0.00,0.00,2602.00,36100
1.00,190.00,190.00,1.13,662.50,185.70,80.20,0.00,0.00,2295.00,36100
1.00,190.00,190.00,0.86,663.50,210.70,74.70,0.00,0.00,2451.00,36100
1.00,165.00,165.00,2.82,577.50,363.30,108.00,0.00,0.00,2673.00,27225
1.00,111.30,111.30,2.00,339.00,354.60,60.75,0.00,0.00,855.00,12387.69
1.00,113.60,113.60,3.20,338.00,354.60,60.75,0.00,0.00,1145.00,12904.96
1.00,114.80,114.80,3.90,338.00,357.70,60.75,0.00,0.00,1116.00,13179.04
1.00,115.90,115.90,4.90,356.00,309.50,60.75,0.00,0.00,1174.00,13432.81
1.00,130.60,130.60,2.30,396.00,324.30,60.75,0.00,0.00,1250.00,17056.36
1.00,133.10,133.10,4.50,397.00,324.30,60.75,0.00,0.00,1535.00,17715.61
1.00,141.80,141.80,4.30,419.00,433.00,60.75,0.00,0.00,1618.00,20107.24
1.00,165.70,165.70,5.10,497.00,373.30,60.75,0.00,0.00,2309.00,27456.49
1.00,101.30,101.30,1.50,310.00,264.90,21.90,0.00,0.00,370.00,10261.69
1.00,102.30,102.30,1.52,310.00,264.90,21.90,0.00,0.00,485.00,10465.29
1.00,104.20,104.20,2.44,310.00,264.90,21.90,0.00,0.00,450.00,10857.64
1.00,105.00,105.00,2.06,310.00,264.90,18.40,0.00,0.00,539.00,11025
1.00,105.10,105.10,2.85,310.00,264.90,18.40,0.00,0.00,550.00,11046.01
1.00,107.90,107.90,4.32,310.00,264.90,18.40,0.00,0.00,686.00,11642.41
1.00,107.90,107.90,4.32,424.00,264.90,18.40,0.00,0.00,727.00,11642.41
1.00,107.90,107.90,4.32,424.00,264.90,18.40,0.00,0.00,734.00,11642.41
1.00,107.90,107.90,4.32,424.00,264.90,18.40,0.00,0.00,803.00,11642.41
1.00,153.90,153.90,1.80,470.00,356.10,18.40,0.00,0.00,981.00,23685.21
1.00,154.20,154.20,2.65,470.00,356.10,18.40,0.00,0.00,1294.00,23777.64
1.00,155.60,155.60,2.63,470.00,356.10,23.00,0.00,0.00,1300.00,24211.36
1.00,159.30,159.30,5.25,470.00,356.10,21.90,0.00,0.00,1577.00,25376.49
1.00,160.20,160.20,5.40,470.00,356.10,21.90,0.00,0.00,1775.00,25664.04
1.00,159.80,159.80,5.08,470.00,356.10,21.90,0.00,0.00,1746.00,25536.04
1.00,111.30,111.30,2.00,399.00,354.60,42.70,0.00,0.00,840.00,12387.69
1.00,113.60,113.60,3.20,337.00,354.60,42.70,0.00,0.00,1141.00,12904.96
1.00,113.60,113.60,3.20,338.00,354.60,42.70,0.00,0.00,1091.00,12904.96
1.00,113.60,113.60,3.20,336.00,354.60,42.70,0.00,0.00,1139.00,12904.96
1.00,114.80,114.80,3.90,335.00,357.70,42.70,0.00,0.00,1041.00,13179.04
1.00,114.80,114.80,3.90,338.00,357.70,42.70,0.00,0.00,1110.00,13179.04
1.00,114.80,114.80,3.90,343.00,357.70,42.70,0.00,0.00,1030.00,13179.04
1.00,115.90,115.90,4.90,356.00,309.50,42.70,0.00,0.00,1122.00,13432.81
1.00,115.90,115.90,4.90,344.00,309.50,42.70,0.00,0.00,1234.00,13432.81
1.00,115.90,115.90,4.90,340.00,309.50,42.70,0.00,0.00,1102.00,13432.81
1.00,115.90,115.90,4.90,357.00,309.50,42.70,0.00,0.00,1140.00,13432.81
1.00,130.10,130.10,2.30,396.00,324.30,42.70,0.00,0.00,1240.00,16926.01
1.00,133.10,133.10,4.50,397.00,324.30,42.70,0.00,0.00,1440.00,17715.61
1.00,158.70,158.70,0.90,450.00,221.00,18.70,0.00,0.00,699.70,25185.69
1.00,157.50,157.50,1.50,450.00,308.00,18.70,0.00,0.00,815.40,24806.25
1.00,157.70,157.70,2.14,450.00,286.00,18.70,0.00,0.00,907.50,24869.29
1.00,204.00,204.00,2.00,840.00,235.20,28.45,0.00,0.00,1294.00,41616
1.00,204.00,204.00,2.00,840.00,235.20,39.53,0.00,0.00,1637.00,41616
1.00,204.00,204.00,2.00,840.00,235.20,40.28,0.00,0.00,1691.00,41616
1.00,96.00,96.00,5.00,450.00,410.60,28.45,0.00,0.00,1044.00,9216
1.00,96.00,96.00,5.00,450.00,410.60,28.45,0.00,0.00,1166.00,9216
1.00,96.00,96.00,5.00,400.00,410.60,39.53,0.00,0.00,1176.00,9216
1.00,96.00,96.00,5.00,400.00,410.60,39.53,0.00,0.00,1171.00,9216
1.00,96.00,96.00,5.00,400.00,410.60,39.53,0.00,0.00,1073.00,9216
1.00,96.00,96.00,5.00,405.00,410.60,39.53,0.00,0.00,1122.00,9216
1.00,166.00,166.00,5.00,660.00,274.40,26.56,0.00,0.00,1744.00,27556
1.00,166.00,166.00,5.00,660.00,274.40,26.56,0.00,0.00,1695.00,27556
1.00,166.00,166.00,5.00,660.00,274.40,29.62,0.00,0.00,1862.00,27556
1.00,166.00,166.00,5.00,660.00,274.40,29.62,0.00,0.00,1872.00,27556
1.00,166.00,166.00,5.00,660.00,274.40,29.62,0.00,0.00,1695.00,27556
1.00,166.00,166.00,5.00,660.00,274.40,29.62,0.00,0.00,1735.00,27556
1.00,166.00,166.00,5.00,660.00,274.40,29.62,0.00,0.00,2029.00,27556
1.00,166.00,166.00,5.00,660.00,274.40,29.62,0.00,0.00,2107.00,27556
1.00,121.00,121.00,12.00,500.00,294.00,28.45,0.00,0.00,2421.00,14641
1.00,121.00,121.00,12.00,500.00,294.00,40.28,0.00,0.00,2587.00,14641
1.00,166.00,166.00,5.00,350.00,274.40,29.62,0.00,0.00,1784.00,27556
1.00,166.00,166.00,5.00,350.00,274.40,29.62,0.00,0.00,2038.00,27556
1.00,166.00,166.00,5.00,500.00,274.40,29.62,0.00,0.00,1999.00,27556
1.00,166.00,166.00,5.00,500.00,274.40,29.62,0.00,0.00,2043.00,27556
1.00,166.00,166.00,5.00,660.00,274.40,29.62,0.00,0.00,1975.00,27556
1.00,108.00,108.00,4.00,338.88,324.00,28.99,0.00,0.00,1117.20,11664
1.00,108.00,108.00,4.00,338.88,324.00,28.99,0.00,0.00,1058.40,11664
1.00,108.00,108.00,4.00,338.88,324.00,28.99,0.00,0.00,1073.10,11664
1.00,125.00,125.00,1.00,438.00,232.00,106.02,0.00,0.00,1275.00,15625
1.00,125.00,125.00,1.00,438.00,232.00,106.02,0.00,0.00,1239.00,15625
1.00,127.00,127.00,2.00,445.00,258.00,106.02,0.00,0.00,1491.00,16129
1.00,127.00,127.00,2.00,445.00,258.00,106.02,0.00,0.00,1339.00,16129
1.00,133.00,133.00,3.50,465.00,352.00,106.02,0.00,0.00,1995.00,17689
1.00,133.00,133.00,3.50,465.00,352.00,106.02,0.00,0.00,1991.00,17689
1.00,133.00,133.00,3.50,465.00,352.00,106.02,0.00,0.00,1962.00,17689
1.00,133.00,133.00,4.70,465.00,352.00,106.02,0.00,0.00,2273.00,17689
1.00,133.00,133.00,4.70,465.00,352.00,106.02,0.00,0.00,2158.00,17689
1.00,133.00,133.00,4.70,465.00,352.00,106.02,0.00,0.00,2253.00,17689
1.00,108.00,108.00,4.50,378.00,358.00,77.40,0.00,0.00,1535.00,11664
1.00,108.00,108.00,4.50,378.00,358.00,77.40,0.00,0.00,1578.00,11664
1.00,108.00,108.00,4.50,378.00,358.00,77.40,0.00,0.00,1518.00,11664
1.00,100.00,100.00,2.50,300.00,433.20,45.77,0.00,0.00,828.00,10000
1.00,100.00,100.00,3.00,300.00,426.30,35.17,0.00,0.00,777.00,10000
1.00,210.00,210.00,2.50,630.00,237.20,26.56,0.00,0.00,1637.00,44100
1.00,100.00,100.00,2.50,300.00,244.00,34.85,0.00,0.00,670.00,10000
1.00,100.00,100.00,2.00,300.00,236.20,34.85,0.00,0.00,537.00,10000
1.00,100.00,100.00,1.50,300.00,232.30,34.85,0.00,0.00,505.00,10000
1.00,92.00,92.00,3.00,276.00,260.70,23.37,0.00,0.00,538.00,8464
1.00,108.00,108.00,4.00,324.00,332.00,41.17,0.00,0.00,970.00,11664
1.00,100.00,100.00,2.50,300.00,433.20,48.35,0.00,0.00,828.00,10000
1.00,210.00,210.00,2.50,630.00,237.20,27.82,0.00,0.00,1637.00,44100
1.00,100.00,100.00,2.50,300.00,244.00,36.19,0.00,0.00,670.00,10000
1.00,100.00,100.00,1.50,300.00,232.30,36.19,0.00,0.00,505.00,10000
1.00,100.00,100.00,2.00,300.00,236.20,36.19,0.00,0.00,537.00,10000
1.00,106.00,106.00,3.00,278.00,298.90,43.21,0.00,0.00,848.00,11236
1.00,101.50,101.50,3.40,203.00,602.70,32.68,0.00,0.00,1080.00,10302.25
1.00,153.00,153.00,3.20,322.00,413.60,21.54,0.00,0.00,1191.00,23409
1.00,76.50,76.50,1.70,153.00,361.60,24.37,0.00,0.00,344.00,5852.25
1.00,300.00,300.00,3.00,1000.00,274.40,9.90,0.00,0.00,2636.00,90000
1.00,92.00,92.00,3.00,276.00,260.70,20.71,0.00,0.00,538.00,8464
1.00,108.00,108.00,4.50,324.00,259.70,20.22,0.00,0.00,931.00,11664
1.00,108.00,108.00,4.00,324.00,332.00,39.23,0.00,0.00,970.00,11664
1.00,108.00,108.00,4.20,324.00,259.70,20.54,0.00,0.00,916.00,11664
1.00,210.00,210.00,2.50,630.00,237.20,26.56,0.00,0.00,1637.00,44100
1.00,106.00,106.00,3.00,418.00,298.90,36.14,0.00,0.00,736.00,11236
1.00,101.60,101.60,3.03,305.00,371.00,23.20,0.00,0.00,635.00,10322.56
1.00,101.80,101.80,3.03,305.00,371.00,23.20,0.00,0.00,679.00,10363.24
1.00,101.80,101.80,3.03,305.00,371.00,23.20,0.00,0.00,632.00,10363.24
1.00,101.60,101.60,3.03,305.00,371.00,40.20,0.00,0.00,864.00,10322.56
1.00,101.70,101.70,3.03,305.00,371.00,40.20,0.00,0.00,803.00,10342.89
1.00,101.50,101.50,3.03,305.00,371.00,51.30,0.00,0.00,859.00,10302.25
1.00,101.90,101.90,3.03,305.00,371.00,51.30,0.00,0.00,926.00,10383.61
1.00,101.40,101.40,3.03,305.00,371.00,23.20,0.00,0.00,660.00,10281.96
1.00,101.90,101.90,3.03,305.00,371.00,23.20,0.00,0.00,649.00,10383.61
1.00,101.80,101.80,3.03,305.00,371.00,23.20,0.00,0.00,682.00,10363.24
1.00,101.70,101.70,3.03,305.00,371.00,40.20,0.00,0.00,800.00,10342.89
1.00,101.30,101.30,3.03,305.00,371.00,40.20,0.00,0.00,742.00,10261.69
1.00,101.90,101.90,3.03,305.00,371.00,51.30,0.00,0.00,877.00,10383.61
1.00,101.50,101.50,3.03,305.00,371.00,51.30,0.00,0.00,862.00,10302.25
1.00,100.00,100.00,3.00,300.00,303.50,46.80,0.00,0.00,708.00,10000
1.00,100.00,100.00,3.00,300.00,303.50,46.80,0.00,0.00,820.00,10000
1.00,100.00,100.00,3.00,300.00,303.50,46.80,0.00,0.00,766.00,10000
1.00,100.00,100.00,3.00,300.00,303.50,46.80,0.00,0.00,820.00,10000
1.00,100.00,100.00,3.00,300.00,303.50,46.80,0.00,0.00,780.00,10000
1.00,100.00,100.00,3.00,300.00,303.50,46.80,0.00,0.00,814.00,10000
1.00,200.00,200.00,3.00,600.00,303.50,46.80,0.00,0.00,2320.00,40000
1.00,200.00,200.00,3.00,600.00,303.50,46.80,0.00,0.00,2330.00,40000
1.00,200.00,200.00,3.00,600.00,303.50,46.80,0.00,0.00,2160.00,40000
1.00,200.00,200.00,3.00,600.00,303.50,46.80,0.00,0.00,2160.00,40000
1.00,200.00,200.00,3.00,600.00,303.50,46.80,0.00,0.00,2383.00,40000
1.00,200.00,200.00,3.00,600.00,303.50,46.80,0.00,0.00,2256.00,40000
1.00,200.00,200.00,3.00,2000.00,303.50,46.80,0.00,0.00,1830.00,40000
1.00,200.00,200.00,3.00,2001.00,303.50,46.80,0.00,0.00,1806.00,40000
1.00,200.00,200.00,3.00,2002.00,303.50,46.80,0.00,0.00,1882.00,40000
1.00,200.00,200.00,3.00,2003.00,303.50,46.80,0.00,0.00,2060.00,40000
1.00,200.00,200.00,3.00,2004.00,303.50,46.80,0.00,0.00,2115.00,40000
1.00,108.00,108.00,4.50,240.00,409.64,28.60,0.00,0.00,1244.60,11664
1.00,108.00,108.00,4.50,240.00,409.64,28.60,0.00,0.00,1234.80,11664
1.00,108.00,108.00,4.50,285.00,409.64,28.60,0.00,0.00,1254.40,11664
1.00,108.00,108.00,4.50,290.00,409.64,28.60,0.00,0.00,1225.00,11664
1.00,108.00,108.00,4.50,340.00,409.64,28.60,0.00,0.00,1161.30,11664
1.00,108.00,108.00,4.50,380.00,409.64,28.60,0.00,0.00,1166.20,11664
1.00,108.00,108.00,4.50,380.00,409.64,28.60,0.00,0.00,1210.30,11664
1.00,108.00,108.00,4.50,400.00,409.64,28.60,0.00,0.00,1871.80,11664
1.00,108.60,108.60,4.60,326.00,271.90,30.70,0.00,0.00,757.00,11793.96
1.00,114.30,114.30,3.35,343.00,287.33,32.68,0.00,0.00,737.00,13064.49
1.00,114.30,114.30,3.35,343.00,287.33,58.68,0.00,0.00,952.00,13064.49
1.00,114.30,114.30,3.35,343.00,287.33,88.78,0.00,0.00,1136.20,13064.49
1.00,114.30,114.30,3.35,343.00,287.33,105.45,0.00,0.00,1453.10,13064.49
1.00,114.30,114.30,6.00,343.00,342.95,32.68,0.00,0.00,1075.40,13064.49
1.00,114.30,114.30,6.00,343.00,342.95,58.68,0.00,0.00,1329.10,13064.49
1.00,114.30,114.30,6.00,343.00,342.95,88.78,0.00,0.00,1496.00,13064.49
1.00,114.30,114.30,6.00,343.00,342.95,105.45,0.00,0.00,1683.40,13064.49
1.00,114.30,114.30,6.00,343.00,342.95,73.30,0.00,0.00,1361.60,13064.49
1.00,219.00,219.00,4.73,650.00,350.00,41.90,0.00,0.00,2900.00,47961
1.00,219.00,219.00,4.74,650.00,350.00,41.90,0.00,0.00,2680.00,47961
1.00,165.00,165.00,2.43,510.00,350.00,68.70,0.00,0.00,2080.00,27225
1.00,165.00,165.00,2.76,510.00,350.00,68.70,0.00,0.00,2060.00,27225
1.00,165.00,165.00,2.81,510.00,350.00,68.70,0.00,0.00,2160.00,27225
1.00,165.00,165.00,2.81,510.00,350.00,68.70,0.00,0.00,2095.00,27225
1.00,165.00,165.00,2.76,510.00,350.00,68.70,0.00,0.00,2250.00,27225
1.00,165.00,165.00,2.72,510.00,350.00,48.50,0.00,0.00,1750.00,27225
1.00,165.00,165.00,2.74,510.00,350.00,48.50,0.00,0.00,1785.00,27225
1.00,165.00,165.00,2.75,510.00,350.00,38.40,0.00,0.00,1560.00,27225
1.00,95.00,95.00,12.50,1420.00,279.00,20.60,0.00,0.00,947.00,9025
1.00,95.00,95.00,12.75,1420.00,277.00,20.60,0.00,0.00,938.00,9025
1.00,95.00,95.00,12.40,1420.00,277.00,20.60,0.00,0.00,907.00,9025
1.00,95.00,95.00,12.60,860.00,279.00,20.60,0.00,0.00,1018.00,9025
1.00,95.00,95.00,12.70,860.00,277.00,20.60,0.00,0.00,1008.00,9025
1.00,95.00,95.00,12.70,860.00,277.00,20.60,0.00,0.00,1034.00,9025
1.00,95.00,95.00,12.80,1980.00,283.00,20.60,0.00,0.00,886.00,9025
1.00,95.00,95.00,12.50,1980.00,280.00,20.60,0.00,0.00,907.00,9025
1.00,95.00,95.00,12.60,1980.00,294.00,20.60,0.00,0.00,917.00,9025
1.00,95.00,95.00,3.66,860.00,332.00,25.30,0.00,0.00,656.00,9025
1.00,95.00,95.00,3.68,860.00,392.00,25.30,0.00,0.00,686.00,9025
1.00,95.00,95.00,3.40,860.00,340.00,25.30,0.00,0.00,656.00,9025
1.00,95.00,95.00,3.86,1420.00,332.00,25.30,0.00,0.00,567.00,9025
1.00,95.00,95.00,3.91,1420.00,392.00,25.30,0.00,0.00,606.00,9025
1.00,95.00,95.00,3.58,1420.00,340.00,25.30,0.00,0.00,576.00,9025
1.00,95.00,95.00,3.76,1980.00,332.00,25.30,0.00,0.00,536.00,9025
1.00,95.00,95.00,3.78,1980.00,392.00,25.30,0.00,0.00,567.00,9025
1.00,95.00,95.00,3.51,1980.00,340.00,25.30,0.00,0.00,488.00,9025
1.00,216.00,216.00,4.06,2220.00,289.00,23.20,0.00,0.00,1023.00,46656
1.00,216.00,216.00,4.11,2220.00,304.00,23.20,0.00,0.00,1834.00,46656
1.00,216.00,216.00,4.04,2220.00,293.00,30.20,0.00,0.00,2289.00,46656
1.00,216.00,216.00,4.11,2220.00,291.00,30.20,0.00,0.00,2239.00,46656
1.00,216.00,216.00,6.05,2220.00,395.00,23.20,0.00,0.00,2462.00,46656
1.00,216.00,216.00,5.97,2220.00,399.00,23.20,0.00,0.00,2421.00,46656
1.00,216.00,216.00,6.50,2220.00,300.00,30.20,0.00,0.00,2804.00,46656
1.00,216.00,216.00,6.30,2220.00,411.00,30.20,0.00,0.00,2932.00,46656
1.00,95.00,95.00,3.86,1980.00,337.00,24.40,0.00,0.00,498.00,9025
1.00,95.00,95.00,3.40,1980.00,343.00,24.40,0.00,0.00,473.00,9025
1.00,95.00,95.00,3.58,1980.00,360.00,24.40,0.00,0.00,473.00,9025
1.00,95.00,95.00,3.73,1980.00,332.00,24.40,0.00,0.00,413.00,9025
1.00,121.00,121.00,3.66,1050.00,300.00,21.40,0.00,0.00,695.00,14641
1.00,121.00,121.00,3.73,1050.00,333.00,21.40,0.00,0.00,746.00,14641
1.00,121.00,121.00,3.76,1050.00,313.00,24.60,0.00,0.00,837.00,14641
1.00,121.00,121.00,3.99,1050.00,332.00,24.60,0.00,0.00,867.00,14641
1.00,121.00,121.00,5.61,1050.00,349.00,21.40,0.00,0.00,998.00,14641
1.00,121.00,121.00,5.41,1050.00,348.00,21.40,0.00,0.00,1018.00,14641
1.00,121.00,121.00,5.46,1050.00,336.00,24.60,0.00,0.00,1099.00,14641
1.00,121.00,121.00,5.56,1050.00,327.00,24.60,0.00,0.00,1079.00,14641
1.00,121.00,121.00,3.71,2310.00,300.00,21.40,0.00,0.00,641.00,14641
1.00,121.00,121.00,3.76,2310.00,333.00,21.40,0.00,0.00,629.00,14641
1.00,121.00,121.00,3.71,2310.00,313.00,24.60,0.00,0.00,695.00,14641
1.00,121.00,121.00,3.86,2310.00,332.00,24.60,0.00,0.00,755.00,14641
1.00,121.00,121.00,5.69,2310.00,349.00,21.40,0.00,0.00,786.00,14641
1.00,121.00,121.00,5.49,2310.00,348.00,21.40,0.00,0.00,816.00,14641
1.00,121.00,121.00,5.64,2310.00,336.00,24.60,0.00,0.00,874.00,14641
1.00,121.00,121.00,5.44,2310.00,327.00,24.60,0.00,0.00,865.00,14641
1.00,69.90,69.90,1.24,1524.00,532.00,28.30,0.00,0.00,230.90,4886.01
1.00,76.20,76.20,1.65,1524.00,532.00,27.40,0.00,0.00,226.40,5806.44
1.00,76.20,76.20,1.65,1524.00,532.00,27.40,0.00,0.00,245.10,5806.44
1.00,76.20,76.20,1.65,1524.00,532.00,27.70,0.00,0.00,320.30,5806.44
1.00,101.68,101.68,3.07,1524.00,605.08,34.13,0.00,0.00,818.47,10338.04965
1.00,101.73,101.73,3.10,1524.00,605.08,31.16,0.00,0.00,800.68,10348.38253
1.00,101.70,101.70,3.07,203.28,605.08,34.13,0.00,0.00,1112.06,10343.21544
1.00,101.70,101.70,3.07,203.25,605.08,31.16,0.00,0.00,1067.57,10343.21544
1.00,120.65,120.65,4.09,1050.04,451.61,34.40,0.00,0.00,1156.54,14556.4225
1.00,120.83,120.83,4.09,1050.04,451.61,29.58,0.00,0.00,1092.71,14599.35725
1.00,120.83,120.83,4.09,1050.04,451.61,25.92,0.00,0.00,949.70,14599.35725
1.00,120.83,120.83,4.06,241.33,451.61,34.40,0.00,0.00,1201.02,14599.35725
1.00,120.80,120.80,4.09,241.35,451.61,29.58,0.00,0.00,1201.02,14593.21985
1.00,120.83,120.83,4.09,241.35,451.61,25.92,0.00,0.00,1112.06,14599.35725
1.00,152.60,152.60,3.15,1676.40,415.13,20.89,0.00,0.00,938.57,23287.73665
1.00,152.70,152.70,3.15,1676.40,415.13,23.10,0.00,0.00,880.75,23318.75594
1.00,152.63,152.63,3.18,304.80,415.13,20.89,0.00,0.00,1201.02,23295.48954
1.00,152.60,152.60,3.15,304.93,415.13,23.10,0.00,0.00,1201.02,23287.73665
1.00,152.58,152.58,4.93,304.90,633.42,41.99,0.00,0.00,2909.14,23279.98505
1.00,152.55,152.55,4.90,304.88,633.42,43.44,0.00,0.00,2913.59,23272.23475
1.00,76.48,76.48,1.70,1524.00,363.28,24.96,0.00,0.00,244.65,5849.098624
1.00,76.43,76.43,1.70,152.35,363.28,24.96,0.00,0.00,355.86,5841.330898
1.00,76.43,76.43,1.73,609.55,363.28,40.89,0.00,0.00,411.46,5841.330898
1.00,76.48,76.48,1.73,609.45,363.28,25.92,0.00,0.00,330.28,5849.098624
1.00,76.45,76.45,1.68,152.35,363.28,40.89,0.00,0.00,434.59,5845.214116
1.00,76.43,76.43,1.70,152.37,363.28,25.92,0.00,0.00,372.32,5841.330898
1.00,76.45,76.45,1.70,152.40,363.28,33.30,0.00,0.00,433.26,5845.214116
1.00,76.45,76.45,1.73,152.48,363.28,33.30,0.00,0.00,434.59,5845.214116
1.00,114.30,114.30,3.18,914.00,420.00,29.40,0.00,0.00,712.00,13064.49
1.00,114.30,114.30,3.18,914.00,420.00,29.40,0.00,0.00,756.00,13064.49
1.00,127.00,127.00,2.41,914.00,294.00,35.60,0.00,0.00,627.00,16129
1.00,127.00,127.00,2.41,914.00,294.00,35.60,0.00,0.00,623.00,16129
1.00,127.00,127.00,2.41,914.00,294.00,35.60,0.00,0.00,658.00,16129
1.00,152.40,152.40,1.55,914.00,336.00,21.40,0.00,0.00,682.00,23225.76
1.00,152.40,152.40,1.55,914.00,336.00,26.30,0.00,0.00,721.00,23225.76
1.00,152.40,152.40,1.55,914.00,336.00,26.30,0.00,0.00,733.00,23225.76
1.00,127.30,127.30,1.63,711.00,376.00,67.20,0.00,0.00,1285.00,16205.29
1.00,127.30,127.30,1.63,711.00,334.00,67.20,0.00,0.00,1285.00,16205.29
1.00,127.10,127.10,2.95,711.00,376.00,67.20,0.00,0.00,1305.00,16154.41
1.00,127.10,127.10,2.95,711.00,334.00,67.20,0.00,0.00,1305.00,16154.41
1.00,140.10,140.10,9.68,406.00,270.00,32.60,0.00,0.00,2949.00,19628.01
1.00,140.10,140.10,9.68,406.00,273.00,32.60,0.00,0.00,2949.00,19628.01
1.00,140.40,140.40,4.93,406.00,293.00,33.20,0.00,0.00,1824.00,19712.16
1.00,140.40,140.40,4.93,406.00,302.00,33.20,0.00,0.00,1824.00,19712.16
1.00,168.20,168.20,4.52,813.00,302.00,31.90,0.00,0.00,2006.00,28291.24
1.00,168.40,168.40,4.52,813.00,302.00,43.80,0.00,0.00,2233.00,28358.56
1.00,168.20,168.20,4.52,813.00,302.00,43.80,0.00,0.00,2113.00,28291.24
1.00,168.30,168.30,4.47,813.00,302.00,23.40,0.00,0.00,1744.00,28324.89
1.00,88.90,88.90,5.84,1727.00,406.00,41.50,0.00,0.00,614.70,7903.21
1.00,88.90,88.90,5.84,1422.00,406.00,41.50,0.00,0.00,711.70,7903.21
1.00,88.90,88.90,5.84,1118.00,406.00,41.50,0.00,0.00,715.20,7903.21
1.00,88.90,88.90,5.84,813.00,406.00,41.50,0.00,0.00,918.50,7903.21
1.00,88.90,88.90,5.84,508.00,406.00,41.50,0.00,0.00,991.90,7903.21
1.00,88.90,88.90,5.84,508.00,406.00,41.50,0.00,0.00,889.60,7903.21
1.00,82.55,82.55,1.40,1727.00,490.00,41.50,0.00,0.00,224.60,6814.5025
1.00,82.55,82.55,1.40,1422.00,490.00,41.50,0.00,0.00,294.50,6814.5025
1.00,82.55,82.55,1.40,1118.00,490.00,41.50,0.00,0.00,355.80,6814.5025
1.00,82.55,82.55,1.40,813.00,490.00,41.50,0.00,0.00,400.30,6814.5025
1.00,82.55,82.55,1.40,508.00,490.00,41.50,0.00,0.00,489.30,6814.5025
1.00,108.00,108.00,4.50,4158.00,348.10,25.40,0.00,0.00,342.00,11664
1.00,108.00,108.00,4.50,4158.00,348.10,25.40,0.00,0.00,292.00,11664
1.00,108.00,108.00,4.50,4158.00,348.10,37.40,0.00,0.00,298.00,11664
1.00,108.00,108.00,4.50,4158.00,348.10,37.40,0.00,0.00,280.00,11664
1.00,108.00,108.00,4.50,4023.00,348.10,37.40,0.00,0.00,318.00,11664
1.00,108.00,108.00,4.50,4023.00,348.10,37.40,0.00,0.00,320.00,11664
1.00,108.00,108.00,4.50,3807.00,348.10,25.40,0.00,0.00,350.00,11664
1.00,108.00,108.00,4.50,3807.00,348.10,25.40,0.00,0.00,370.00,11664
1.00,108.00,108.00,4.50,3510.00,348.10,25.40,0.00,0.00,400.00,11664
1.00,108.00,108.00,4.50,3510.00,348.10,25.40,0.00,0.00,390.00,11664
1.00,108.00,108.00,4.50,3510.00,348.10,37.40,0.00,0.00,440.00,11664
1.00,114.00,114.00,1.79,850.00,266.00,37.00,0.00,0.00,515.00,12996
1.00,114.00,114.00,3.35,850.00,291.00,37.00,0.00,0.00,785.00,12996
1.00,114.00,114.00,4.44,850.00,332.00,37.00,0.00,0.00,902.00,12996
1.00,114.00,114.00,6.00,850.00,486.00,37.00,0.00,0.00,1334.00,12996
1.00,114.00,114.00,5.91,1250.00,486.00,25.00,0.00,0.00,1177.00,12996
1.00,114.00,114.00,1.93,1750.00,266.00,33.00,0.00,0.00,461.00,12996
1.00,114.00,114.00,3.32,1750.00,291.00,30.00,0.00,0.00,628.00,12996
1.00,114.00,114.00,5.94,1750.00,486.00,37.00,0.00,0.00,1138.00,12996
1.00,114.00,114.00,1.78,2250.00,266.00,28.00,0.00,0.00,373.00,12996
1.00,114.00,114.00,3.31,2320.00,291.00,24.00,0.00,0.00,535.00,12996
1.00,114.00,114.00,6.14,2250.00,486.00,28.00,0.00,0.00,1000.00,12996
1.00,114.00,114.00,1.72,2750.00,266.00,36.00,0.00,0.00,353.00,12996
1.00,114.00,114.00,3.41,2750.00,291.00,36.00,0.00,0.00,569.00,12996
1.00,114.00,114.00,4.49,2750.00,332.00,31.00,0.00,0.00,657.00,12996
1.00,114.00,114.00,6.11,2750.00,486.00,33.00,0.00,0.00,941.00,12996
1.00,215.90,215.90,4.09,2220.00,292.00,22.90,0.00,0.00,1650.00,46612.81
1.00,215.90,215.90,4.09,2220.00,292.00,30.00,0.00,0.00,2264.00,46612.81
1.00,215.90,215.90,6.00,2220.00,392.00,22.90,0.00,0.00,2442.00,46612.81
1.00,215.90,215.90,6.00,2220.00,350.00,30.00,0.00,0.00,2869.00,46612.81
1.00,120.90,120.90,3.76,1050.00,312.00,21.10,0.00,0.00,721.00,14616.81
1.00,120.90,120.90,3.76,2310.00,312.00,21.10,0.00,0.00,636.00,14616.81
1.00,120.90,120.90,5.53,1050.00,343.00,21.10,0.00,0.00,1010.00,14616.81
1.00,120.90,120.90,5.53,1050.00,343.00,24.20,0.00,0.00,1090.00,14616.81
1.00,95.00,95.00,3.65,1370.00,350.00,25.00,0.00,0.00,667.00,9025
1.00,95.00,95.00,3.65,1420.00,350.00,25.00,0.00,0.00,583.00,9025
1.00,95.00,95.00,3.65,1980.00,350.00,25.00,0.00,0.00,529.00,9025
1.00,165.00,165.00,2.82,580.50,363.30,48.30,0.00,0.00,1661.60,27225
1.00,190.00,190.00,1.94,663.50,256.40,41.00,0.00,0.00,1678.20,36100
1.00,190.00,190.00,1.52,664.50,306.10,48.30,0.00,0.00,1694.80,36100
1.00,190.00,190.00,1.13,664.50,185.70,41.00,0.00,0.00,1376.60,36100
1.00,190.00,190.00,0.86,659.00,210.70,41.00,0.00,0.00,1349.90,36100
1.00,165.00,165.00,2.82,580.50,363.30,80.20,0.00,0.00,2295.00,27225
1.00,190.00,190.00,1.94,663.50,256.40,74.70,0.00,0.00,2592.00,36100
1.00,190.00,190.00,1.52,663.50,306.10,80.20,0.00,0.00,2602.00,36100
1.00,190.00,190.00,1.13,662.50,185.70,80.20,0.00,0.00,2295.00,36100
1.00,190.00,190.00,0.86,663.50,210.70,74.70,0.00,0.00,2451.00,36100
1.00,165.00,165.00,2.82,577.50,363.30,108.00,0.00,0.00,2673.00,27225
1.00,165.00,165.00,4.30,2440.00,317.70,43.30,0.00,0.00,1149.00,27225
1.00,160.00,160.00,4.50,2420.00,317.70,43.30,0.00,0.00,1561.00,25600
1.00,165.00,165.00,4.30,3640.00,317.70,43.30,0.00,0.00,987.00,27225
1.00,190.70,190.70,6.00,2300.00,505.00,55.90,0.00,0.00,2610.00,36366.49
1.00,190.70,190.70,6.00,2450.00,505.00,55.90,0.00,0.00,2060.00,36366.49
1.00,190.70,190.70,6.00,3450.00,505.00,48.40,0.00,0.00,2130.00,36366.49
1.00,166.00,166.00,5.00,1100.00,274.40,29.62,0.00,0.00,1985.00,27556
1.00,166.00,166.00,5.00,710.00,277.34,39.06,0.00,0.00,1656.20,27556
1.00,166.00,166.00,5.00,710.00,277.34,42.24,0.00,0.00,1906.10,27556
1.00,166.00,166.00,5.00,870.00,313.60,42.24,0.00,0.00,1827.70,27556
1.00,166.00,166.00,5.00,870.00,284.20,42.24,0.00,0.00,1862.00,27556
1.00,166.00,166.00,5.00,1700.00,294.00,42.24,0.00,0.00,1543.50,27556
1.00,166.00,166.00,5.00,1700.00,313.60,42.24,0.00,0.00,1460.20,27556
1.00,166.00,166.00,5.00,2700.00,289.10,28.09,0.00,0.00,1117.20,27556
1.00,166.00,166.00,5.00,2700.00,289.10,28.09,0.00,0.00,1271.06,27556
1.00,166.00,166.00,5.00,3700.00,287.14,28.09,0.00,0.00,983.92,27556
1.00,166.00,166.00,5.00,3700.00,287.14,28.09,0.00,0.00,958.44,27556
1.00,108.00,108.00,4.00,648.00,338.88,28.99,0.00,0.00,825.16,11664
1.00,108.00,108.00,4.00,648.00,338.88,28.99,0.00,0.00,828.10,11664
1.00,108.00,108.00,4.00,864.00,338.88,28.99,0.00,0.00,766.36,11664
1.00,108.00,108.00,4.00,864.00,338.88,28.99,0.00,0.00,801.64,11664
1.00,108.00,108.00,4.00,864.00,338.88,28.99,0.00,0.00,869.26,11664
1.00,108.00,108.00,4.00,1080.00,338.88,28.99,0.00,0.00,836.92,11664
1.00,108.00,108.00,4.00,1080.00,338.88,28.99,0.00,0.00,783.02,11664
1.00,108.00,108.00,4.00,1620.00,338.88,28.99,0.00,0.00,707.56,11664
1.00,108.00,108.00,4.00,1620.00,338.88,28.99,0.00,0.00,646.80,11664
1.00,108.00,108.00,4.00,1620.00,338.88,28.99,0.00,0.00,643.86,11664
1.00,108.00,108.00,4.00,2160.00,338.88,28.99,0.00,0.00,672.28,11664
1.00,108.00,108.00,4.00,2160.00,338.88,28.99,0.00,0.00,697.76,11664
1.00,108.00,108.00,4.00,2160.00,338.88,28.99,0.00,0.00,676.20,11664
1.00,108.00,108.00,4.00,2700.00,338.88,28.99,0.00,0.00,648.76,11664
1.00,108.00,108.00,4.00,3240.00,338.88,28.99,0.00,0.00,559.58,11664
1.00,108.00,108.00,4.00,3240.00,338.88,28.99,0.00,0.00,478.24,11664
1.00,108.00,108.00,4.00,3240.00,338.88,28.99,0.00,0.00,600.74,11664
1.00,108.00,108.00,4.00,4320.00,338.88,28.99,0.00,0.00,373.38,11664
1.00,108.00,108.00,4.00,4320.00,338.88,28.99,0.00,0.00,345.94,11664
1.00,108.00,108.00,4.00,4320.00,338.88,28.99,0.00,0.00,294.00,11664
1.00,108.00,108.00,4.00,5400.00,338.88,28.99,0.00,0.00,225.40,11664
1.00,108.00,108.00,4.00,5400.00,338.88,28.99,0.00,0.00,210.70,11664
1.00,108.00,108.00,4.00,5560.00,338.88,28.99,0.00,0.00,212.50,11664
1.00,104.00,104.00,2.00,524.00,344.00,32.65,0.00,0.00,540.00,10816
1.00,105.00,105.00,2.50,530.00,344.00,35.65,0.00,0.00,613.00,11025
1.00,106.00,106.00,3.00,536.00,344.00,33.47,0.00,0.00,674.00,11236
1.00,107.00,107.00,3.50,542.00,379.80,31.87,0.00,0.00,835.00,11449
1.00,107.00,107.00,4.00,542.00,379.80,31.87,0.00,0.00,889.00,11449
1.00,108.00,108.00,4.50,548.00,344.00,33.50,0.00,0.00,917.00,11664
1.00,108.00,108.00,5.00,548.00,379.80,33.50,0.00,0.00,1084.00,11664
1.00,160.00,160.00,2.50,960.00,433.20,32.22,0.00,0.00,1426.00,25600
1.00,140.00,140.00,2.50,840.00,433.20,38.88,0.00,0.00,1124.00,19600
1.00,140.00,140.00,3.00,840.00,426.30,33.06,0.00,0.00,1208.00,19600
1.00,100.00,100.00,2.50,600.00,433.20,45.77,0.00,0.00,750.00,10000
1.00,100.00,100.00,3.00,600.00,426.30,29.13,0.00,0.00,723.00,10000
1.00,200.00,200.00,2.00,930.00,237.20,24.24,0.00,0.00,1411.00,40000
1.00,210.00,210.00,2.50,1040.00,237.20,27.07,0.00,0.00,1607.00,44100
1.00,210.00,210.00,3.00,1040.00,233.20,27.07,0.00,0.00,1705.00,44100
1.00,180.00,180.00,3.00,860.00,233.20,24.24,0.00,0.00,1352.00,32400
1.00,166.00,166.00,5.00,1040.00,288.10,54.33,0.00,0.00,1862.00,27556
1.00,166.00,166.00,5.00,1040.00,288.10,43.89,0.00,0.00,1764.00,27556
1.00,166.00,166.00,5.00,1040.00,288.10,26.73,0.00,0.00,1372.00,27556
1.00,166.00,166.00,5.00,1040.00,288.10,29.72,0.00,0.00,1495.00,27556
1.00,166.00,166.00,5.00,1040.00,288.10,23.00,0.00,0.00,1392.00,27556
1.00,166.00,166.00,5.00,1040.00,288.10,44.11,0.00,0.00,1695.00,27556
1.00,166.00,166.00,5.00,1040.00,288.10,55.65,0.00,0.00,1852.00,27556
1.00,166.00,166.00,5.00,1040.00,288.10,37.75,0.00,0.00,1627.00,27556
1.00,140.00,140.00,5.30,840.00,378.30,21.86,0.00,0.00,1326.00,19600
1.00,140.00,140.00,5.00,840.00,378.30,30.58,0.00,0.00,1379.00,19600
1.00,140.00,140.00,5.00,840.00,378.30,34.92,0.00,0.00,1501.00,19600
1.00,140.00,140.00,5.30,840.00,378.30,51.50,0.00,0.00,1664.00,19600
1.00,140.00,140.00,5.00,840.00,378.30,42.25,0.00,0.00,1539.00,19600
1.00,92.00,92.00,3.00,460.00,260.70,20.71,0.00,0.00,501.00,8464
1.00,92.00,92.00,3.00,920.00,260.70,20.71,0.00,0.00,431.00,8464
1.00,92.00,92.00,3.00,1380.00,260.70,20.71,0.00,0.00,409.00,8464
1.00,108.00,108.00,4.50,648.00,259.70,20.22,0.00,0.00,665.00,11664
1.00,108.00,108.00,4.50,972.00,259.70,20.22,0.00,0.00,666.00,11664
1.00,108.00,108.00,4.50,1296.00,259.70,20.22,0.00,0.00,563.00,11664
1.00,108.00,108.00,4.50,1620.00,259.70,20.22,0.00,0.00,524.00,11664
1.00,108.00,108.00,4.50,1994.00,259.70,20.22,0.00,0.00,495.00,11664
1.00,108.00,108.00,4.00,540.00,327.10,39.23,0.00,0.00,836.00,11664
1.00,108.00,108.00,4.00,756.00,337.60,35.33,0.00,0.00,785.00,11664
1.00,108.00,108.00,4.00,972.00,337.60,33.54,0.00,0.00,736.00,11664
1.00,108.00,108.00,4.00,1188.00,327.10,34.03,0.00,0.00,686.00,11664
1.00,108.00,108.00,4.00,1404.00,332.00,33.15,0.00,0.00,686.00,11664
1.00,108.00,108.00,4.00,1620.00,347.70,33.15,0.00,0.00,672.00,11664
1.00,108.00,108.00,4.20,648.00,259.70,20.54,0.00,0.00,722.00,11664
1.00,108.00,108.00,4.20,972.00,259.70,22.84,0.00,0.00,640.00,11664
1.00,210.00,210.00,2.50,1040.00,237.20,27.07,0.00,0.00,1607.00,44100
1.00,210.00,210.00,2.50,1670.00,237.20,26.56,0.00,0.00,1323.00,44100
1.00,165.20,165.20,4.17,1322.00,358.70,40.90,0.00,0.00,1445.00,27291.04
1.00,165.20,165.20,4.17,1982.00,358.70,40.90,0.00,0.00,1305.00,27291.04
1.00,165.20,165.20,4.17,2974.00,358.70,40.90,0.00,0.00,1180.00,27291.04
1.00,165.20,165.20,4.17,3965.00,358.70,40.90,0.00,0.00,956.00,27291.04
1.00,165.20,165.20,4.17,4956.00,358.70,40.90,0.00,0.00,800.00,27291.04
1.00,165.00,165.00,4.70,2475.00,355.00,33.40,0.00,0.00,1058.00,27225
1.00,165.00,165.00,4.70,2476.00,355.00,33.40,0.00,0.00,1037.00,27225
1.00,165.00,165.00,4.70,2477.00,355.00,10.00,0.00,0.00,800.00,27225
1.00,165.00,165.00,4.70,2478.00,355.00,10.00,0.00,0.00,834.00,27225
1.00,110.00,110.00,1.90,2200.00,350.00,33.40,0.00,0.00,437.00,12100
1.00,110.00,110.00,1.90,2200.00,350.00,33.40,0.00,0.00,368.00,12100
1.00,110.00,110.00,1.90,2200.00,350.00,33.40,0.00,0.00,355.00,12100
1.00,110.00,110.00,1.90,2200.00,350.00,33.40,0.00,0.00,374.00,12100
1.00,110.00,110.00,1.90,2200.00,350.00,10.00,0.00,0.00,269.00,12100
1.00,110.00,110.00,1.90,2200.00,350.00,10.00,0.00,0.00,252.00,12100
1.00,110.00,110.00,1.90,2200.00,350.00,10.00,0.00,0.00,211.00,12100
1.00,110.00,110.00,1.90,2200.00,350.00,10.00,0.00,0.00,219.00,12100
1.00,108.00,108.00,4.00,540.00,332.02,40.40,0.00,0.00,835.90,11664
1.00,108.00,108.00,4.50,445.00,409.64,28.60,0.00,0.00,970.20,11664
1.00,108.00,108.00,4.50,485.00,409.64,28.60,0.00,0.00,1205.40,11664
1.00,140.00,140.00,5.00,840.00,378.28,45.10,0.00,0.00,1667.00,19600
1.00,108.00,108.00,4.50,970.00,259.70,32.20,0.00,0.00,740.90,11664
1.00,220.00,220.00,10.00,2400.00,224.22,36.60,0.00,0.00,1729.30,48400
1.00,152.00,152.00,7.00,912.00,283.22,42.90,0.00,0.00,1693.40,23104
1.00,140.00,140.00,5.50,840.00,333.20,42.90,0.00,0.00,1379.80,19600
1.00,164.00,164.00,6.00,1700.00,356.82,31.50,0.00,0.00,1633.70,26896
1.00,95.00,95.00,3.50,860.00,348.88,26.20,0.00,0.00,665.40,9025
1.00,95.00,95.00,3.50,1420.00,348.88,26.20,0.00,0.00,582.10,9025
1.00,121.00,121.00,4.00,1050.00,311.15,22.20,0.00,0.00,702.70,14641
1.00,121.00,121.00,4.00,1050.00,317.03,26.50,0.00,0.00,851.60,14641
1.00,121.00,121.00,6.00,1050.00,349.37,22.20,0.00,0.00,1007.40,14641
1.00,121.00,121.00,6.00,1050.00,325.85,26.50,0.00,0.00,1088.80,14641
1.00,216.00,216.00,6.00,2220.00,391.02,24.10,0.00,0.00,2440.20,46656
1.00,216.00,216.00,6.00,2220.00,379.26,31.40,0.00,0.00,2865.50,46656
1.00,216.00,216.00,4.00,2220.00,289.39,24.10,0.00,0.00,1868.90,46656
1.00,216.00,216.00,4.00,2220.00,287.14,31.40,0.00,0.00,2261.80,46656
1.00,153.00,153.00,3.20,1679.00,413.56,21.80,0.00,0.00,901.60,23409
1.00,101.00,101.00,3.40,1530.00,602.70,32.20,0.00,0.00,802.60,10201
1.00,121.00,121.00,4.80,1048.00,449.82,33.90,0.00,0.00,1146.60,14641
1.00,121.00,121.00,4.80,1048.00,449.82,29.10,0.00,0.00,1078.00,14641
1.00,121.00,121.00,4.80,1048.00,449.82,25.60,0.00,0.00,940.80,14641
1.00,210.00,210.00,2.50,1670.00,235.20,27.70,0.00,0.00,1323.00,44100
1.00,108.00,108.00,4.00,756.00,337.61,36.30,0.00,0.00,785.00,11664
1.00,108.00,108.00,4.00,972.00,337.61,34.50,0.00,0.00,737.00,11664
1.00,108.00,108.00,4.00,1404.00,332.02,34.10,0.00,0.00,686.00,11664
1.00,108.00,108.00,4.00,1620.00,351.23,34.10,0.00,0.00,637.00,11664
1.00,140.00,140.00,5.00,840.00,378.28,23.10,0.00,0.00,1283.80,19600
1.00,140.00,140.00,5.00,840.00,378.28,31.60,0.00,0.00,1391.60,19600
1.00,140.00,140.00,5.00,840.00,378.28,45.10,0.00,0.00,1685.60,19600
1.00,140.00,140.00,5.00,840.00,178.28,51.00,0.00,0.00,1705.20,19600
1.00,100.00,100.00,2.50,600.00,244.02,43.40,0.00,0.00,686.00,10000
1.00,100.00,100.00,2.00,900.00,236.18,43.40,0.00,0.00,587.00,10000
1.00,100.00,100.00,2.00,600.00,236.18,36.70,0.00,0.00,558.60,10000
1.00,100.00,100.00,2.00,600.00,236.18,36.70,0.00,0.00,512.50,10000
1.00,100.00,100.00,4.50,1080.00,259.70,28.10,0.00,0.00,743.80,10000
1.00,106.00,106.00,3.50,1080.00,259.70,28.10,0.00,0.00,559.60,11236
1.00,104.00,104.00,2.50,1080.00,259.70,28.10,0.00,0.00,433.20,10816
1.00,108.00,108.00,4.00,1188.00,327.12,35.00,0.00,0.00,686.00,11664
1.00,169.00,169.00,7.50,1768.00,360.00,70.80,0.00,0.00,2870.00,28561
1.00,76.00,76.00,2.00,1555.00,275.00,41.60,0.00,0.00,355.00,5776
1.00,76.00,76.00,2.00,1556.00,275.00,41.60,0.00,0.00,330.00,5776
1.00,219.00,219.00,6.00,1000.00,325.00,58.00,0.00,0.00,2989.00,47961
1.00,219.00,219.00,4.00,1000.00,325.00,47.60,0.00,0.00,1931.00,47961
1.00,219.00,219.00,4.00,1000.00,325.00,52.30,0.00,0.00,1980.00,47961
1.00,219.00,219.00,7.00,1640.00,273.00,38.20,0.00,0.00,2956.00,47961
1.00,219.00,219.00,7.00,1640.00,273.00,38.20,0.00,0.00,2956.00,47961
1.00,219.00,219.00,7.00,1640.00,273.00,38.20,0.00,0.00,2956.00,47961
1.00,114.30,114.30,3.35,571.50,287.33,32.68,0.00,0.00,739.50,13064.49
1.00,114.30,114.30,3.35,800.00,287.33,32.68,0.00,0.00,631.50,13064.49
1.00,114.30,114.30,3.35,1143.00,287.33,32.68,0.00,0.00,599.30,13064.49
1.00,114.30,114.30,3.35,571.50,287.33,58.68,0.00,0.00,902.90,13064.49
1.00,114.30,114.30,3.35,800.00,287.33,58.68,0.00,0.00,868.50,13064.49
1.00,114.30,114.30,3.35,1143.00,287.33,58.68,0.00,0.00,809.20,13064.49
1.00,114.30,114.30,3.35,571.50,287.33,88.78,0.00,0.00,1180.70,13064.49
1.00,114.30,114.30,3.35,800.00,287.33,88.78,0.00,0.00,1198.30,13064.49
1.00,114.30,114.30,3.35,1143.00,287.33,88.78,0.00,0.00,1111.60,13064.49
1.00,114.30,114.30,3.35,571.50,287.33,105.45,0.00,0.00,1407.10,13064.49
1.00,114.30,114.30,3.35,800.00,287.33,105.45,0.00,0.00,1375.80,13064.49
1.00,114.30,114.30,3.35,1143.00,287.33,105.45,0.00,0.00,1319.90,13064.49
1.00,114.30,114.30,6.00,571.50,342.95,32.68,0.00,0.00,1016.60,13064.49
1.00,114.30,114.30,6.00,800.00,342.95,32.68,0.00,0.00,1057.10,13064.49
1.00,114.30,114.30,6.00,1143.00,342.95,32.68,0.00,0.00,872.20,13064.49
1.00,114.30,114.30,6.00,571.50,342.95,58.68,0.00,0.00,1263.20,13064.49
1.00,114.30,114.30,6.00,800.00,342.95,58.68,0.00,0.00,1190.00,13064.49
1.00,114.30,114.30,6.00,1143.00,342.95,58.68,0.00,0.00,1120.60,13064.49
1.00,114.30,114.30,6.00,571.50,342.95,88.78,0.00,0.00,1448.10,13064.49
1.00,114.30,114.30,6.00,800.00,342.95,88.78,0.00,0.00,1400.60,13064.49
1.00,114.30,114.30,6.00,1143.00,342.95,88.78,0.00,0.00,1442.40,13064.49
1.00,114.30,114.30,6.00,571.50,342.95,105.45,0.00,0.00,1607.40,13064.49
1.00,114.30,114.30,6.00,800.00,342.95,105.45,0.00,0.00,1622.50,13064.49
1.00,114.30,114.30,6.00,1143.00,342.95,105.45,0.00,0.00,1574.30,13064.49
1.00,114.30,114.30,6.00,571.50,342.95,73.30,0.00,0.00,1308.50,13064.49
1.00,114.30,114.30,6.00,800.00,342.95,22.50,0.00,0.00,925.90,13064.49
1.00,114.30,114.30,6.00,1143.00,342.95,58.20,0.00,0.00,1126.90,13064.49
1.00,160.10,160.10,4.98,2000.00,280.00,40.00,0.00,0.00,1261.00,25632.01
1.00,160.20,160.20,4.96,2500.00,281.00,41.00,0.00,0.00,1244.00,25664.04
1.00,160.30,160.30,5.00,3000.00,270.00,43.00,0.00,0.00,1236.00,25696.09
1.00,160.20,160.20,4.97,3500.00,273.00,41.00,0.00,0.00,1193.00,25664.04
1.00,159.90,159.90,4.98,4000.00,281.00,45.00,0.00,0.00,1091.00,25568.01
1.00,159.80,159.80,5.01,2000.00,283.00,70.00,0.00,0.00,1650.00,25536.04
1.00,159.70,159.70,5.20,2500.00,281.00,71.00,0.00,0.00,1562.00,25504.09
1.00,159.80,159.80,5.10,3000.00,276.00,73.00,0.00,0.00,1468.00,25536.04
1.00,160.10,160.10,4.98,3500.00,276.00,74.00,0.00,0.00,1326.00,25632.01
1.00,160.20,160.20,5.02,4000.00,281.00,71.00,0.00,0.00,1231.00,25664.04
1.00,160.30,160.30,5.03,2000.00,281.00,99.00,0.00,0.00,2000.00,25696.09
1.00,159.80,159.80,5.01,2500.00,275.00,100.00,0.00,0.00,1818.00,25536.04
1.00,159.70,159.70,4.97,3000.00,275.00,101.00,0.00,0.00,1636.00,25504.09
1.00,159.60,159.60,4.98,3500.00,270.00,106.00,0.00,0.00,1454.00,25472.16
1.00,159.80,159.80,4.97,4000.00,270.00,102.00,0.00,0.00,1333.00,25536.04
1.00,218.25,218.25,6.05,4365.00,302.04,39.32,0.00,0.00,1716.16,47633.0625
1.00,218.25,218.25,6.45,3285.00,302.04,42.17,0.00,0.00,2064.30,47633.0625
1.00,218.25,218.25,6.30,2204.00,302.04,37.07,0.00,0.00,2412.44,47633.0625
1.00,218.25,218.25,6.50,943.00,302.04,37.07,0.00,0.00,2755.67,47633.0625
1.00,218.50,218.50,6.38,941.50,302.04,37.07,0.00,0.00,2745.86,47742.25
1.00,219.25,219.25,6.05,941.50,302.04,37.07,0.00,0.00,2804.70,48070.5625
1.00,95.00,95.00,3.80,4318.00,281.45,39.32,0.00,0.00,202.02,9025
1.00,95.25,95.25,3.78,2844.00,281.45,42.17,0.00,0.00,279.49,9072.5625
1.00,95.25,95.25,3.70,2844.00,281.45,42.17,0.00,0.00,281.45,9072.5625
1.00,95.50,95.50,3.83,2844.00,281.45,42.17,0.00,0.00,291.26,9120.25
1.00,95.50,95.50,3.73,1942.50,281.45,37.07,0.00,0.00,362.85,9120.25
1.00,95.25,95.25,3.78,1942.00,281.45,37.07,0.00,0.00,406.98,9072.5625
1.00,95.25,95.25,3.78,1943.25,281.45,37.07,0.00,0.00,406.98,9072.5625
1.00,95.50,95.50,3.75,1469.00,281.45,42.17,0.00,0.00,444.24,9120.25
1.00,95.25,95.25,3.73,1466.75,281.45,42.17,0.00,0.00,441.30,9072.5625
1.00,95.00,95.00,3.70,1468.00,281.45,42.17,0.00,0.00,495.24,9025
1.00,95.50,95.50,3.70,997.50,281.45,42.17,0.00,0.00,524.66,9120.25
1.00,95.25,95.25,3.55,992.00,281.45,42.17,0.00,0.00,507.00,9072.5625
1.00,95.25,95.25,3.68,995.00,281.45,42.17,0.00,0.00,534.46,9072.5625
1.00,95.25,95.25,3.73,504.00,281.45,42.17,0.00,0.00,637.43,9072.5625
1.00,95.50,95.50,3.75,503.75,281.45,42.17,0.00,0.00,632.53,9120.25
1.00,95.50,95.50,3.73,505.00,281.45,42.17,0.00,0.00,666.85,9120.25
1.00,204.00,204.00,2.00,880.00,235.36,12.16,0.00,0.00,1068.92,41616
1.00,204.00,204.00,2.00,880.00,235.36,12.16,0.00,0.00,1039.50,41616
1.00,204.00,204.00,2.00,840.00,235.36,33.44,0.00,0.00,1294.48,41616
1.00,204.00,204.00,2.00,840.00,235.36,46.09,0.00,0.00,1637.71,41616
1.00,204.00,204.00,2.00,840.00,235.36,46.88,0.00,0.00,1691.65,41616
1.00,96.00,96.00,5.00,410.00,410.90,12.16,0.00,0.00,912.02,9216
1.00,96.00,96.00,5.00,450.00,410.90,12.16,0.00,0.00,843.37,9216
1.00,96.00,96.00,5.00,450.00,410.90,33.44,0.00,0.00,1044.41,9216
1.00,96.00,96.00,5.00,450.00,410.90,33.44,0.00,0.00,1166.99,9216
1.00,96.00,96.00,5.00,400.00,410.90,46.09,0.00,0.00,1176.80,9216
1.00,96.00,96.00,5.00,400.00,410.90,46.09,0.00,0.00,1171.89,9216
1.00,96.00,96.00,5.00,400.00,410.90,46.09,0.00,0.00,1073.83,9216
1.00,96.00,96.00,5.00,405.00,410.90,46.09,0.00,0.00,1122.86,9216
1.00,121.00,121.00,12.00,500.00,294.20,12.16,0.00,0.00,2417.34,14641
1.00,121.00,121.00,12.00,500.00,294.20,12.16,0.00,0.00,2373.21,14641
1.00,121.00,121.00,12.00,500.00,294.20,33.44,0.00,0.00,2500.70,14641
1.00,166.00,166.00,5.00,660.00,274.59,31.38,0.00,0.00,1745.58,27556
1.00,166.00,166.00,5.00,660.00,274.59,31.38,0.00,0.00,1696.55,27556
1.00,166.00,166.00,5.00,660.00,274.59,34.72,0.00,0.00,1863.26,27556
1.00,166.00,166.00,5.00,660.00,274.59,34.72,0.00,0.00,1873.07,27556
1.00,166.00,166.00,5.00,660.00,274.59,34.72,0.00,0.00,1696.55,27556
1.00,166.00,166.00,5.00,660.00,274.59,34.72,0.00,0.00,1735.78,27556
1.00,166.00,166.00,5.00,660.00,274.59,34.72,0.00,0.00,2029.98,27556
1.00,166.00,166.00,5.00,660.00,274.59,34.72,0.00,0.00,2108.43,27556
1.00,121.00,121.00,12.00,500.00,294.20,11.87,0.00,0.00,2333.98,14641
1.00,121.00,121.00,12.00,500.00,294.20,33.44,0.00,0.00,2422.24,14641
1.00,121.00,121.00,12.00,500.00,294.20,46.88,0.00,0.00,2588.96,14641
1.00,166.00,166.00,5.00,350.00,274.59,34.72,0.00,0.00,1784.81,27556
1.00,166.00,166.00,5.00,350.00,274.59,34.72,0.00,0.00,2039.78,27556
1.00,166.00,166.00,5.00,500.00,274.59,34.72,0.00,0.00,2000.56,27556
1.00,166.00,166.00,5.00,500.00,274.59,34.72,0.00,0.00,2044.69,27556
1.00,166.00,166.00,5.00,660.00,274.59,34.72,0.00,0.00,1976.04,27556
1.00,166.00,166.00,5.00,1100.00,274.59,34.72,0.00,0.00,1985.85,27556
1.00,121.00,121.00,12.00,200.00,294.20,9.17,0.00,0.00,2706.64,14641
1.00,121.00,121.00,12.00,200.00,294.20,15.69,0.00,0.00,2745.86,14641
1.00,121.00,121.00,12.00,200.00,294.20,15.69,0.00,0.00,2843.93,14641
1.00,108.00,108.00,4.00,324.00,339.11,34.03,0.00,0.00,1117.96,11664
1.00,108.00,108.00,4.00,324.00,339.11,34.03,0.00,0.00,1059.12,11664
1.00,108.00,108.00,4.00,324.00,339.11,34.03,0.00,0.00,1073.83,11664
1.00,108.00,108.00,4.00,648.00,339.11,34.03,0.00,0.00,825.72,11664
1.00,108.00,108.00,4.00,648.00,339.11,34.03,0.00,0.00,828.66,11664
1.00,108.00,108.00,4.00,864.00,339.11,34.03,0.00,0.00,766.88,11664
1.00,108.00,108.00,4.00,864.00,339.11,34.03,0.00,0.00,802.18,11664
1.00,108.00,108.00,4.00,864.00,339.11,34.03,0.00,0.00,869.85,11664
1.00,108.00,108.00,4.00,1080.00,339.11,34.03,0.00,0.00,837.49,11664
1.00,108.00,108.00,4.00,1080.00,339.11,34.03,0.00,0.00,783.55,11664
1.00,108.00,108.00,4.00,1620.00,339.11,34.03,0.00,0.00,708.04,11664
1.00,108.00,108.00,4.00,1620.00,339.11,34.03,0.00,0.00,647.24,11664
1.00,108.00,108.00,4.00,1620.00,339.11,34.03,0.00,0.00,644.30,11664
1.00,108.00,108.00,4.00,2160.00,339.11,34.03,0.00,0.00,672.74,11664
1.00,108.00,108.00,4.00,2160.00,339.11,34.03,0.00,0.00,698.23,11664
1.00,108.00,108.00,4.00,2160.00,339.11,34.03,0.00,0.00,676.66,11664
1.00,108.00,108.00,4.00,2700.00,339.11,34.03,0.00,0.00,649.20,11664
1.00,108.00,108.00,4.00,3240.00,339.11,34.03,0.00,0.00,559.96,11664
1.00,108.00,108.00,4.00,3240.00,339.11,34.03,0.00,0.00,478.56,11664
1.00,108.00,108.00,4.00,3240.00,339.11,34.03,0.00,0.00,601.15,11664
1.00,108.00,108.00,4.00,4320.00,339.11,34.03,0.00,0.00,373.63,11664
1.00,108.00,108.00,4.00,4320.00,339.11,34.03,0.00,0.00,343.23,11664
1.00,108.00,108.00,4.00,4320.00,339.11,34.03,0.00,0.00,294.20,11664
1.00,108.00,108.00,4.00,5400.00,339.11,34.03,0.00,0.00,225.55,11664
1.00,108.00,108.00,4.00,5400.00,339.11,34.03,0.00,0.00,210.84,11664
1.00,108.00,108.00,4.00,5400.00,339.11,34.03,0.00,0.00,212.80,11664
1.00,101.80,101.80,2.94,200.00,319.70,17.95,0.00,0.00,627.63,10363.24
1.00,101.80,101.80,2.94,200.00,319.70,37.36,0.00,0.00,659.99,10363.24
1.00,101.80,101.80,5.70,200.00,304.99,17.95,0.00,0.00,953.21,10363.24
1.00,101.80,101.80,5.70,200.00,304.99,37.36,0.00,0.00,970.86,10363.24
1.00,100.00,100.00,0.52,200.00,244.19,17.95,0.00,0.00,238.30,10000
1.00,100.00,100.00,0.52,200.00,244.19,17.95,0.00,0.00,242.22,10000
1.00,100.00,100.00,0.52,200.00,244.19,17.95,0.00,0.00,237.32,10000
1.00,100.00,100.00,0.52,200.00,244.19,37.36,0.00,0.00,389.32,10000
1.00,100.00,100.00,0.52,200.00,244.19,37.36,0.00,0.00,394.23,10000
1.00,100.00,100.00,0.52,200.00,244.19,37.36,0.00,0.00,404.03,10000
1.00,150.00,150.00,0.70,480.00,245.17,22.56,0.00,0.00,538.39,22500
1.00,150.00,150.00,0.70,800.00,245.17,22.56,0.00,0.00,513.87,22500
1.00,150.00,150.00,1.40,800.00,245.17,22.56,0.00,0.00,697.25,22500
1.00,150.00,150.00,2.10,800.00,245.17,22.56,0.00,0.00,787.47,22500
1.00,150.00,150.00,0.70,480.00,245.17,33.44,0.00,0.00,744.32,22500
1.00,150.00,150.00,2.10,800.00,245.17,35.30,0.00,0.00,1073.83,22500
1.00,159.00,159.00,5.07,477.00,391.50,41.50,0.00,0.00,2230.00,25281
1.00,190.70,190.70,6.00,2300.00,505.04,55.90,0.00,0.00,2611.51,36366.49
1.00,190.70,190.70,6.00,3450.00,505.04,55.90,0.00,0.00,2059.40,36366.49
1.00,190.70,190.70,6.00,3450.00,505.04,48.35,0.00,0.00,2132.95,36366.49
1.00,139.70,139.70,9.22,914.40,681.92,38.41,0.00,0.00,2597.76,19516.09
1.00,139.70,139.70,9.22,3048.00,681.92,38.41,0.00,0.00,2001.70,19516.09
1.00,165.20,165.20,4.50,661.00,413.84,40.89,0.00,0.00,1562.20,27291.04
1.00,165.20,165.20,4.50,1322.00,413.84,40.89,0.00,0.00,1412.16,27291.04
1.00,165.20,165.20,4.50,1982.00,413.84,40.89,0.00,0.00,1371.95,27291.04
1.00,165.20,165.20,4.50,2974.00,413.84,40.89,0.00,0.00,1147.38,27291.04
1.00,165.20,165.20,4.50,3965.00,413.84,40.89,0.00,0.00,1018.91,27291.04
1.00,165.20,165.20,4.50,4956.00,413.84,40.89,0.00,0.00,781.59,27291.04
1.00,190.00,190.00,1.11,656.00,203.10,110.30,0.00,0.00,2940.00,36100
1.00,190.00,190.00,1.11,662.00,203.10,94.70,0.00,0.00,2462.00,36100
1.00,190.00,190.00,1.11,660.00,203.10,110.30,0.00,0.00,3000.00,36100
1.00,140.80,140.80,3.00,635.00,285.00,28.18,0.00,0.00,881.00,19824.64
1.00,141.40,141.40,6.50,635.00,313.00,23.81,0.00,0.00,1825.00,19993.96
1.00,140.00,140.00,6.68,635.00,537.00,28.18,0.00,0.00,2715.00,19600
1.00,101.50,101.50,2.40,2175.00,410.00,58.00,0.00,0.00,523.00,10302.25
1.00,165.00,165.00,2.82,580.50,363.30,48.30,0.00,0.00,1662.00,27225
1.00,190.00,190.00,1.94,663.50,256.40,41.00,0.00,0.00,1678.00,36100
1.00,190.00,190.00,1.52,664.50,306.10,48.30,0.00,0.00,1695.00,36100
1.00,190.00,190.00,1.13,664.50,185.70,41.00,0.00,0.00,1377.00,36100
1.00,190.00,190.00,0.86,659.00,210.70,41.00,0.00,0.00,1350.00,36100
1.00,165.00,165.00,2.82,580.50,363.30,80.20,0.00,0.00,2295.00,27225
1.00,190.00,190.00,1.94,663.50,256.40,74.70,0.00,0.00,2592.00,36100
1.00,190.00,190.00,1.52,663.50,306.10,80.20,0.00,0.00,2602.00,36100
1.00,190.00,190.00,1.13,662.50,185.70,80.20,0.00,0.00,2295.00,36100
1.00,190.00,190.00,0.86,663.50,210.70,74.70,0.00,0.00,2451.00,36100
1.00,165.00,165.00,2.82,577.50,363.30,108.00,0.00,0.00,2673.00,27225
1.00,159.00,159.00,4.80,650.00,433.00,64.50,0.00,0.00,2150.00,25281
1.00,219.00,219.00,6.00,1000.00,325.00,58.00,0.00,0.00,2989.00,47961
1.00,219.00,219.00,4.00,1000.00,325.00,47.60,0.00,0.00,1930.60,47961
1.00,219.00,219.00,4.00,1000.00,325.00,52.30,0.00,0.00,1979.60,47961
1.00,133.00,133.00,4.50,1862.00,325.00,42.20,0.00,0.00,882.00,17689
1.00,133.00,133.00,4.50,1862.00,325.00,42.20,0.00,0.00,715.00,17689
1.00,133.00,133.00,4.50,2793.00,325.00,42.20,0.00,0.00,784.00,17689
1.00,133.00,133.00,4.50,465.00,325.00,42.20,0.00,0.00,800.00,17689
1.00,114.43,114.43,3.98,300.00,343.00,31.40,0.00,0.00,948.00,13094.2249
1.00,114.57,114.57,3.99,300.00,343.00,93.60,0.00,0.00,1308.00,13126.2849
1.00,114.43,114.43,3.82,300.00,343.00,34.70,0.00,0.00,929.00,13094.2249
1.00,114.26,114.26,3.93,300.00,343.00,97.20,0.00,0.00,1359.00,13055.3476
1.00,114.88,114.88,4.91,300.50,365.00,34.70,0.00,0.00,1380.00,13197.4144
1.00,115.04,115.04,4.92,300.00,365.00,104.90,0.00,0.00,1787.00,13234.2016
1.00,115.02,115.02,5.02,300.50,365.00,57.60,0.00,0.00,1413.00,13229.6004
1.00,114.49,114.49,3.75,299.30,343.00,57.60,0.00,0.00,1038.00,13107.9601
1.00,114.29,114.29,3.75,300.00,343.00,57.60,0.00,0.00,1067.00,13062.2041
1.00,114.30,114.30,3.85,300.00,343.00,31.90,0.00,0.00,998.00,13064.49
1.00,114.09,114.09,3.85,300.50,343.00,31.90,0.00,0.00,948.00,13016.5281
1.00,114.54,114.54,3.84,300.00,343.00,98.90,0.00,0.00,1359.00,13119.4116
1.00,114.37,114.37,3.85,299.50,343.00,98.90,0.00,0.00,1182.00,13080.4969
1.00,149.00,149.00,2.96,447.00,308.00,25.40,0.00,0.00,941.00,22201
1.00,149.00,149.00,2.96,447.00,308.00,40.50,0.00,0.00,1064.00,22201
1.00,149.00,149.00,2.96,447.00,308.00,40.50,0.00,0.00,1080.00,22201
1.00,149.00,149.00,2.96,447.00,308.00,77.00,0.00,0.00,1781.00,22201
1.00,301.00,301.00,2.96,903.00,279.00,25.40,0.00,0.00,2382.00,90601
1.00,122.00,122.00,4.54,366.00,576.00,25.40,0.00,0.00,1509.00,14884
1.00,122.00,122.00,4.54,366.00,576.00,40.50,0.00,0.00,1657.00,14884
1.00,122.00,122.00,4.54,366.00,576.00,40.50,0.00,0.00,1663.00,14884
1.00,122.00,122.00,4.54,366.00,576.00,77.00,0.00,0.00,2100.00,14884
1.00,108.00,108.00,6.47,324.00,853.00,25.40,0.00,0.00,2275.00,11664
1.00,109.00,109.00,6.47,327.00,853.00,40.50,0.00,0.00,2446.00,11881
1.00,108.00,108.00,6.47,324.00,853.00,40.50,0.00,0.00,2402.00,11664
1.00,108.00,108.00,6.47,324.00,853.00,77.00,0.00,0.00,2713.00,11664
1.00,100.00,100.00,1.90,300.00,404.00,121.60,0.00,0.00,1125.00,10000
1.00,100.00,100.00,1.90,300.00,404.00,121.60,0.00,0.00,1085.00,10000
1.00,100.00,100.00,1.90,300.00,404.00,121.60,0.00,0.00,1100.00,10000
1.00,100.00,100.00,1.90,300.00,404.00,121.60,0.00,0.00,1170.00,10000
1.00,100.00,100.00,1.90,900.00,404.00,121.60,0.00,0.00,1065.00,10000
1.00,100.00,100.00,1.90,900.00,404.00,121.60,0.00,0.00,980.00,10000
1.00,100.00,100.00,1.90,1500.00,404.00,121.60,0.00,0.00,907.00,10000
1.00,100.00,100.00,1.90,1500.00,404.00,121.60,0.00,0.00,760.00,10000
1.00,100.00,100.00,1.90,3000.00,404.00,121.60,0.00,0.00,288.00,10000
1.00,100.00,100.00,1.90,3000.00,404.00,121.60,0.00,0.00,317.50,10000
1.00,114.85,114.85,3.00,1000.00,354.05,40.30,0.00,0.00,806.40,13190.5225
1.00,114.85,114.85,3.00,1500.00,354.05,40.30,0.00,0.00,688.20,13190.5225
1.00,114.85,114.85,3.00,2000.00,354.05,40.30,0.00,0.00,632.20,13190.5225
1.00,114.85,114.85,3.00,2500.00,354.05,40.30,0.00,0.00,566.10,13190.5225
1.00,127.30,127.30,3.00,1000.00,345.20,40.30,0.00,0.00,912.10,16205.29
1.00,127.30,127.30,3.00,1500.00,345.20,40.30,0.00,0.00,848.50,16205.29
1.00,127.30,127.30,3.00,2000.00,345.20,40.30,0.00,0.00,715.80,16205.29
1.00,127.30,127.30,3.00,2500.00,345.20,40.30,0.00,0.00,638.80,16205.29
1.00,139.20,139.20,3.00,1000.00,361.95,40.30,0.00,0.00,1059.80,19376.64
1.00,139.20,139.20,3.00,1500.00,361.95,40.30,0.00,0.00,941.90,19376.64
1.00,139.20,139.20,3.00,2000.00,361.95,40.30,0.00,0.00,868.30,19376.64
1.00,139.20,139.20,3.00,2500.00,361.95,40.30,0.00,0.00,750.70,19376.64
1.00,152.40,152.40,3.00,1000.00,488.20,30.90,0.00,0.00,1463.30,23225.76
1.00,152.40,152.40,3.00,1500.00,488.20,30.90,0.00,0.00,1209.10,23225.76
1.00,152.40,152.40,3.00,2000.00,488.20,30.90,0.00,0.00,1167.30,23225.76
1.00,152.40,152.40,3.00,2500.00,394.30,30.90,0.00,0.00,968.90,23225.76
1.00,165.10,165.10,3.00,1000.00,438.20,30.90,0.00,0.00,1549.50,27258.01
1.00,165.10,165.10,3.00,1500.00,438.20,30.90,0.00,0.00,1338.00,27258.01
1.00,165.10,165.10,3.00,2000.00,438.20,30.90,0.00,0.00,1234.50,27258.01
1.00,165.10,165.10,3.00,2500.00,430.30,30.90,0.00,0.00,1232.00,27258.01
1.00,193.70,193.70,3.00,1000.00,398.80,30.90,0.00,0.00,1999.60,37519.69
1.00,193.70,193.70,3.50,1500.00,398.80,30.90,0.00,0.00,1817.10,37519.69
1.00,193.70,193.70,3.50,2000.00,398.80,30.90,0.00,0.00,1796.30,37519.69
1.00,193.70,193.70,3.50,2500.00,392.20,30.90,0.00,0.00,1620.80,37519.69
1.00,150.00,150.00,3.00,675.00,324.40,52.60,0.00,0.00,1462.00,22500
1.00,150.00,150.00,3.00,900.00,324.40,52.60,0.00,0.00,1489.00,22500
1.00,111.64,111.64,1.90,400.00,261.30,47.80,0.00,0.00,666.60,12463.4896
1.00,111.64,111.64,1.90,400.00,261.30,56.70,0.00,0.00,701.90,12463.4896
1.00,113.64,113.64,3.64,400.00,259.60,56.70,0.00,0.00,1011.00,12914.0496
1.00,76.21,76.21,2.52,300.00,286.00,145.00,0.00,0.00,752.00,5807.9641
1.00,76.12,76.12,2.51,300.00,286.00,145.00,0.00,0.00,762.00,5794.2544
1.00,76.11,76.11,2.48,300.00,286.00,145.00,0.00,0.00,774.00,5792.7321
1.00,76.19,76.19,2.99,300.00,278.00,145.00,0.00,0.00,805.00,5804.9161
1.00,75.84,75.84,2.99,300.00,278.00,145.00,0.00,0.00,796.00,5751.7056
1.00,75.97,75.97,2.98,300.00,278.00,145.00,0.00,0.00,801.00,5771.4409
1.00,76.18,76.18,3.31,300.00,305.00,145.00,0.00,0.00,841.00,5803.3924
1.00,159.00,159.00,6.00,2135.00,394.00,37.70,0.00,0.00,1414.00,25281
1.00,159.00,159.00,6.00,2135.00,457.00,120.10,0.00,0.00,2792.00,25281
1.00,159.00,159.00,6.00,2135.00,487.00,116.00,0.00,0.00,2193.00,25281
1.00,114.30,114.30,2.74,300.00,235.00,56.20,0.00,0.00,901.81,13064.49
1.00,114.30,114.30,2.74,300.00,235.00,66.75,0.00,0.00,981.23,13064.49
1.00,114.30,114.30,2.74,300.00,235.00,107.20,0.00,0.00,1295.06,13064.49
1.00,114.30,114.30,5.90,300.00,355.00,56.20,0.00,0.00,1735.77,13064.49
1.00,114.30,114.30,5.90,300.00,355.00,66.75,0.00,0.00,1818.62,13064.49
1.00,114.30,114.30,5.90,300.00,355.00,107.20,0.00,0.00,1989.86,13064.49
1.00,114.30,114.30,2.74,600.00,235.00,56.20,0.00,0.00,947.75,13064.49
1.00,114.30,114.30,2.74,600.00,235.00,66.75,0.00,0.00,1031.92,13064.49
1.00,114.30,114.30,2.74,600.00,235.00,107.20,0.00,0.00,1296.61,13064.49
1.00,114.30,114.30,5.90,600.00,355.00,56.20,0.00,0.00,1723.19,13064.49
1.00,114.30,114.30,5.90,600.00,355.00,66.75,0.00,0.00,1810.94,13064.49
1.00,114.30,114.30,5.90,600.00,355.00,107.20,0.00,0.00,1968.06,13064.49
1.00,114.30,114.30,2.74,900.00,235.00,56.20,0.00,0.00,877.28,13064.49
1.00,114.30,114.30,2.74,900.00,235.00,66.75,0.00,0.00,983.51,13064.49
1.00,114.30,114.30,2.74,900.00,235.00,107.20,0.00,0.00,1233.24,13064.49
1.00,114.30,114.30,5.90,900.00,355.00,56.20,0.00,0.00,1592.48,13064.49
1.00,114.30,114.30,5.90,900.00,355.00,66.75,0.00,0.00,1713.34,13064.49
1.00,114.30,114.30,5.90,900.00,355.00,107.20,0.00,0.00,1907.29,13064.49
1.00,152.00,152.00,1.70,900.00,270.00,73.00,0.00,0.00,1550.00,23104
1.00,152.00,152.00,1.70,900.00,270.00,73.00,0.00,0.00,1458.00,23104
1.00,152.00,152.00,1.70,500.00,270.00,73.00,0.00,0.00,1548.00,23104
1.00,152.00,152.00,1.70,500.00,270.00,73.00,0.00,0.00,1448.00,23104
1.00,152.00,152.00,1.70,660.00,328.00,85.00,0.00,0.00,1863.00,23104
1.00,152.00,152.00,1.70,660.00,328.00,85.00,0.00,0.00,1895.00,23104
1.00,114.30,114.30,3.60,250.00,403.00,173.50,0.00,0.00,2422.00,13064.49
1.00,114.30,114.30,3.60,250.00,403.00,173.50,0.00,0.00,2340.00,13064.49
1.00,114.30,114.30,3.60,250.00,403.00,184.20,0.00,0.00,2497.00,13064.49
1.00,114.30,114.30,3.60,250.00,403.00,184.20,0.00,0.00,2314.00,13064.49
1.00,114.30,114.30,3.60,250.00,428.00,173.50,0.00,0.00,2610.00,13064.49
1.00,114.30,114.30,3.60,250.00,428.00,173.50,0.00,0.00,2633.00,13064.49
1.00,165.00,165.00,2.37,615.00,287.50,30.20,0.00,0.00,1008.00,27225
1.00,165.00,165.00,2.37,615.00,287.50,30.20,0.00,0.00,996.00,27225
1.00,114.30,114.30,3.60,250.00,403.00,173.50,0.00,0.00,2422.00,13064.49
1.00,114.30,114.30,3.60,250.00,403.00,173.50,0.00,0.00,2340.00,13064.49
1.00,114.30,114.30,3.60,250.00,403.00,184.20,0.00,0.00,2497.00,13064.49
1.00,114.30,114.30,3.60,250.00,403.00,184.20,0.00,0.00,2314.00,13064.49
1.00,114.30,114.30,6.30,250.00,428.00,173.50,0.00,0.00,2610.00,13064.49
1.00,114.30,114.30,6.30,250.00,428.00,173.50,0.00,0.00,2633.00,13064.49
1.00,113.70,113.70,2.09,342.00,269.90,59.00,0.00,0.00,904.00,12927.69
1.00,113.70,113.70,2.06,342.00,269.90,113.20,0.00,0.00,1491.00,12927.69
1.00,113.70,113.70,2.05,342.00,269.90,130.80,0.00,0.00,1535.00,12927.69
1.00,114.90,114.90,3.93,342.00,304.30,59.00,0.00,0.00,1163.00,13202.01
1.00,114.90,114.90,4.01,342.00,304.30,113.20,0.00,0.00,1631.00,13202.01
1.00,114.90,114.90,4.01,342.00,304.30,130.80,0.00,0.00,1748.00,13202.01
1.00,107.90,107.90,7.99,342.00,251.80,59.00,0.00,0.00,1249.00,11642.41
1.00,107.90,107.90,8.01,342.00,251.80,113.20,0.00,0.00,1482.00,11642.41
1.00,107.90,107.90,8.03,342.00,251.80,130.80,0.00,0.00,1613.00,11642.41
1.00,168.30,168.30,2.80,300.00,317.80,37.71,0.00,0.00,1282.50,28324.89
1.00,168.30,168.30,2.80,300.00,317.80,93.74,0.00,0.00,2375.70,28324.89
1.00,159.00,159.00,3.00,300.00,336.28,33.39,0.00,0.00,1185.70,25281
1.00,159.00,159.00,3.00,300.00,336.28,90.85,0.00,0.00,2021.70,25281
1.00,120.00,120.00,2.50,300.00,445.52,41.44,0.00,0.00,879.20,14400
1.00,120.00,120.00,2.50,300.00,445.52,94.68,0.00,0.00,1417.20,14400
1.00,100.00,100.00,3.00,300.00,432.09,34.04,0.00,0.00,724.00,10000
1.00,100.00,100.00,3.00,300.00,432.82,93.51,0.00,0.00,1141.30,10000
1.00,101.60,101.60,3.00,300.00,425.03,34.04,0.00,0.00,703.30,10322.56
1.00,101.60,101.60,3.00,300.00,425.03,93.51,0.00,0.00,1075.50,10322.56
1.00,153.00,153.00,1.54,306.00,345.00,73.20,0.00,0.00,1823.00,23409
1.00,153.00,153.00,1.54,306.00,345.00,73.20,0.00,0.00,1842.00,23409
1.00,153.00,153.00,1.54,306.00,345.00,73.20,0.00,0.00,1872.00,23409
1.00,157.00,157.00,2.48,314.00,326.00,73.20,0.00,0.00,2117.00,24649
1.00,157.00,157.00,2.48,314.00,326.00,73.20,0.00,0.00,2058.00,24649
1.00,157.00,157.00,2.48,314.00,326.00,73.20,0.00,0.00,2068.00,24649
1.00,153.00,153.00,3.64,306.00,320.00,73.20,0.00,0.00,2264.00,23409
1.00,153.00,153.00,3.64,306.00,320.00,73.20,0.00,0.00,2274.00,23409
1.00,153.00,153.00,3.64,306.00,320.00,73.20,0.00,0.00,2205.00,23409
1.00,57.15,57.15,2.00,700.00,250.00,60.70,0.00,0.00,206.10,3266.1225
1.00,63.50,63.50,2.00,700.00,250.00,42.40,0.00,0.00,202.30,4032.25
1.00,63.50,63.50,1.60,700.00,250.00,51.70,0.00,0.00,210.50,4032.25
1.00,63.50,63.50,2.00,700.00,250.00,51.70,0.00,0.00,231.30,4032.25
1.00,63.50,63.50,1.60,700.00,250.00,60.70,0.00,0.00,226.70,4032.25
1.00,63.50,63.50,2.00,700.00,250.00,60.70,0.00,0.00,240.60,4032.25
1.00,57.15,57.15,2.00,490.00,250.00,42.40,0.00,0.00,205.80,3266.1225
1.00,57.15,57.15,2.00,490.00,250.00,51.70,0.00,0.00,221.90,3266.1225
1.00,57.15,57.15,1.60,490.00,250.00,60.70,0.00,0.00,201.50,3266.1225
1.00,57.15,57.15,2.00,490.00,250.00,60.70,0.00,0.00,231.30,3266.1225
1.00,63.50,63.50,1.60,490.00,250.00,42.40,0.00,0.00,226.30,4032.25
1.00,63.50,63.50,2.00,490.00,250.00,42.40,0.00,0.00,243.60,4032.25
1.00,63.50,63.50,1.25,490.00,250.00,51.70,0.00,0.00,208.00,4032.25
1.00,63.50,63.50,1.60,490.00,250.00,51.70,0.00,0.00,240.80,4032.25
1.00,63.50,63.50,2.00,490.00,250.00,51.70,0.00,0.00,269.00,4032.25
1.00,63.50,63.50,1.25,490.00,250.00,60.70,0.00,0.00,239.10,4032.25
1.00,63.50,63.50,1.60,490.00,250.00,60.70,0.00,0.00,262.00,4032.25
1.00,63.50,63.50,2.00,490.00,250.00,60.70,0.00,0.00,280.20,4032.25
1.00,63.50,63.50,2.00,350.00,250.00,51.70,0.00,0.00,204.46,4032.25
1.00,63.50,63.50,1.60,350.00,250.00,60.70,0.00,0.00,212.35,4032.25
1.00,63.50,63.50,2.00,350.00,250.00,60.70,0.00,0.00,227.53,4032.25
1.00,140.00,140.00,4.50,420.00,374.20,28.00,0.00,0.00,1275.30,19600
1.00,140.00,140.00,4.50,420.00,374.20,28.00,0.00,0.00,1294.50,19600
1.00,140.00,140.00,4.50,420.00,374.20,39.00,0.00,0.00,1406.40,19600
1.00,140.00,140.00,4.50,420.00,374.20,39.00,0.00,0.00,1405.00,19600
1.00,140.00,140.00,4.50,420.00,374.20,52.00,0.00,0.00,1524.30,19600
1.00,140.00,140.00,4.50,420.00,374.20,52.00,0.00,0.00,1530.40,19600
1.00,140.00,140.00,4.50,420.00,462.90,28.00,0.00,0.00,1646.70,19600
1.00,140.00,140.00,4.50,420.00,462.90,28.00,0.00,0.00,1662.30,19600
1.00,140.00,140.00,4.50,420.00,462.90,39.00,0.00,0.00,1763.90,19600
1.00,140.00,140.00,4.50,420.00,462.90,39.00,0.00,0.00,1753.80,19600
1.00,140.00,140.00,4.50,420.00,462.90,52.00,0.00,0.00,1865.20,19600
1.00,140.00,140.00,4.50,420.00,462.90,52.00,0.00,0.00,1871.60,19600
1.00,190.70,190.70,5.30,572.10,382.50,41.00,0.00,0.00,2530.30,36366.49
1.00,190.70,190.70,5.30,572.10,382.50,41.00,0.00,0.00,2544.80,36366.49
1.00,216.30,216.30,4.50,648.90,371.90,41.00,0.00,0.00,2740.40,46785.69
1.00,216.30,216.30,4.50,648.90,371.90,41.00,0.00,0.00,2751.20,46785.69
1.00,60.00,60.00,1.87,180.00,282.00,85.20,0.00,0.00,312.00,3600
1.00,60.00,60.00,1.87,180.00,282.00,85.20,0.00,0.00,320.00,3600
1.00,100.00,100.00,1.87,300.00,282.00,85.20,0.00,0.00,822.00,10000
1.00,100.00,100.00,1.87,300.00,282.00,85.20,0.00,0.00,845.00,10000
1.00,150.00,150.00,1.87,450.00,282.00,85.20,0.00,0.00,1701.00,22500
1.00,150.00,150.00,1.87,450.00,282.00,85.20,0.00,0.00,1670.00,22500
1.00,200.00,200.00,1.87,600.00,282.00,85.20,0.00,0.00,2783.00,40000
1.00,200.00,200.00,1.87,600.00,282.00,85.20,0.00,0.00,2824.00,40000
1.00,60.00,60.00,2.00,180.00,404.00,85.20,0.00,0.00,427.00,3600
1.00,60.00,60.00,2.00,180.00,404.00,85.20,0.00,0.00,415.00,3600
1.00,100.00,100.00,2.00,300.00,404.00,85.20,0.00,0.00,930.00,10000
1.00,100.00,100.00,2.00,300.00,404.00,85.20,0.00,0.00,920.00,10000
1.00,150.00,150.00,2.00,450.00,404.00,85.20,0.00,0.00,1870.00,22500
1.00,150.00,150.00,2.00,450.00,404.00,85.20,0.00,0.00,1743.00,22500
1.00,60.00,60.00,2.00,180.00,404.00,90.00,0.00,0.00,432.00,3600
1.00,60.00,60.00,2.00,180.00,404.00,90.00,0.00,0.00,437.00,3600
1.00,150.00,150.00,2.00,450.00,404.00,90.00,0.00,0.00,1980.00,22500
1.00,150.00,150.00,2.00,450.00,404.00,90.00,0.00,0.00,1910.00,22500
1.00,108.00,108.00,4.50,4158.00,348.10,31.80,0.00,0.00,342.00,11664
1.00,108.00,108.00,4.50,4158.00,348.10,31.80,0.00,0.00,292.00,11664
1.00,108.00,108.00,4.50,4158.00,348.10,46.80,0.00,0.00,298.00,11664
1.00,108.00,108.00,4.50,4158.00,348.10,46.80,0.00,0.00,280.00,11664
1.00,108.00,108.00,4.50,4023.00,348.10,46.80,0.00,0.00,318.00,11664
1.00,108.00,108.00,4.50,4023.00,348.10,46.80,0.00,0.00,320.00,11664
1.00,108.00,108.00,4.50,3807.00,348.10,31.80,0.00,0.00,350.00,11664
1.00,108.00,108.00,4.50,3807.00,348.10,31.80,0.00,0.00,370.00,11664
1.00,108.00,108.00,4.50,3510.00,348.10,31.80,0.00,0.00,400.00,11664
1.00,108.00,108.00,4.50,3510.00,348.10,31.80,0.00,0.00,390.00,11664
1.00,108.00,108.00,4.50,3510.00,348.10,46.80,0.00,0.00,440.00,11664
1.00,151.00,151.00,3.20,620.00,265.00,25.40,0.00,0.00,1129.00,22801
1.00,150.00,150.00,3.20,620.00,265.00,25.40,0.00,0.00,1123.00,22500
1.00,199.00,199.00,3.20,835.00,265.00,25.40,0.00,0.00,1535.00,39601
1.00,198.00,198.00,3.20,835.00,265.00,25.40,0.00,0.00,1560.00,39204
1.00,251.00,251.00,3.20,1050.00,265.00,25.40,0.00,0.00,2033.00,63001
1.00,300.00,300.00,3.20,1250.00,265.00,25.40,0.00,0.00,2012.00,90000
1.00,350.00,350.00,3.20,1468.00,265.00,25.40,0.00,0.00,3000.00,122500
1.00,127.00,127.00,4.20,480.00,349.00,84.20,0.00,0.00,2205.00,16129
1.00,127.00,127.00,4.20,480.00,349.00,84.20,0.00,0.00,2245.00,16129
1.00,127.00,127.00,4.20,480.00,349.00,84.20,0.00,0.00,2254.00,16129
1.00,129.00,129.00,3.00,387.00,306.00,53.70,0.00,0.00,1068.00,16641
1.00,129.00,129.00,3.00,387.00,306.00,55.30,0.00,0.00,1093.00,16641
1.00,129.00,129.00,3.00,387.00,306.00,56.30,0.00,0.00,1118.00,16641
1.00,129.00,129.00,3.00,387.00,306.00,58.80,0.00,0.00,1162.00,16641
1.00,131.00,131.00,4.00,393.00,306.00,53.70,0.00,0.00,1280.00,17161
1.00,131.00,131.00,4.00,393.00,306.00,55.30,0.00,0.00,1360.00,17161
1.00,131.00,131.00,4.00,393.00,306.00,56.30,0.00,0.00,1403.00,17161
1.00,131.00,131.00,4.00,393.00,306.00,58.80,0.00,0.00,1459.00,17161
1.00,133.00,133.00,5.00,399.00,306.00,53.70,0.00,0.00,1454.00,17689
1.00,133.00,133.00,5.00,399.00,306.00,55.30,0.00,0.00,1470.00,17689
1.00,133.00,133.00,5.00,399.00,306.00,56.30,0.00,0.00,1518.00,17689
1.00,133.00,133.00,5.00,399.00,306.00,58.80,0.00,0.00,1569.00,17689
1.00,129.00,129.00,3.00,387.00,306.00,60.90,0.00,0.00,1095.00,16641
1.00,129.00,129.00,3.00,387.00,306.00,62.40,0.00,0.00,1128.00,16641
1.00,129.00,129.00,3.00,387.00,306.00,64.00,0.00,0.00,1147.00,16641
1.00,129.00,129.00,3.00,387.00,306.00,66.20,0.00,0.00,1192.00,16641
1.00,131.00,131.00,4.00,393.00,306.00,60.90,0.00,0.00,1320.00,17161
1.00,131.00,131.00,4.00,393.00,306.00,62.40,0.00,0.00,1389.00,17161
1.00,131.00,131.00,4.00,393.00,306.00,64.00,0.00,0.00,1430.00,17161
1.00,131.00,131.00,4.00,393.00,306.00,66.20,0.00,0.00,1452.00,17161
1.00,133.00,133.00,5.00,399.00,306.00,60.90,0.00,0.00,1548.00,17689
1.00,133.00,133.00,5.00,399.00,306.00,62.40,0.00,0.00,1581.00,17689
1.00,133.00,133.00,5.00,399.00,306.00,64.00,0.00,0.00,1609.00,17689
1.00,133.00,133.00,5.00,399.00,306.00,66.20,0.00,0.00,1661.00,17689
1.00,129.00,129.00,3.00,387.00,306.00,69.70,0.00,0.00,1266.00,16641
1.00,129.00,129.00,3.00,387.00,306.00,71.60,0.00,0.00,1287.00,16641
1.00,129.00,129.00,3.00,387.00,306.00,74.60,0.00,0.00,1301.00,16641
1.00,129.00,129.00,3.00,387.00,306.00,76.40,0.00,0.00,1356.00,16641
1.00,131.00,131.00,4.00,393.00,306.00,69.70,0.00,0.00,1469.00,17161
1.00,131.00,131.00,4.00,393.00,306.00,71.60,0.00,0.00,1482.00,17161
1.00,131.00,131.00,4.00,393.00,306.00,74.60,0.00,0.00,1496.00,17161
1.00,131.00,131.00,4.00,393.00,306.00,76.40,0.00,0.00,1542.00,17161
1.00,133.00,133.00,5.00,399.00,306.00,69.70,0.00,0.00,1659.00,17689
1.00,133.00,133.00,5.00,399.00,306.00,71.60,0.00,0.00,1673.00,17689
1.00,133.00,133.00,5.00,399.00,306.00,74.60,0.00,0.00,1712.00,17689
1.00,133.00,133.00,5.00,399.00,306.00,76.40,0.00,0.00,1774.00,17689
1.00,108.00,108.00,3.50,324.00,420.50,98.50,0.00,0.00,1640.00,11664
1.00,108.00,108.00,5.50,324.00,383.10,98.50,0.00,0.00,1809.00,11664
1.00,108.00,108.00,8.00,324.00,351.00,98.50,0.00,0.00,1902.00,11664
1.00,108.00,108.00,10.00,324.00,366.20,98.50,0.00,0.00,2185.00,11664
1.00,108.00,108.00,12.00,324.00,430.00,98.50,0.00,0.00,2751.00,11664
1.00,108.00,108.00,8.00,324.00,351.00,97.30,0.00,0.00,1906.00,11664
1.00,108.00,108.00,8.00,324.00,351.00,117.00,0.00,0.00,1967.00,11664
1.00,108.00,108.00,8.00,324.00,351.00,97.40,0.00,0.00,1893.00,11664
1.00,108.00,108.00,8.00,324.00,351.00,97.20,0.00,0.00,1896.00,11664
1.00,108.00,108.00,8.00,324.00,351.00,91.90,0.00,0.00,1885.00,11664
1.00,108.00,108.00,8.00,324.00,351.00,92.60,0.00,0.00,1835.00,11664
1.00,108.00,108.00,8.00,324.00,351.00,91.60,0.00,0.00,1889.00,11664
1.00,108.00,108.00,8.00,324.00,351.00,90.00,0.00,0.00,1813.00,11664
1.00,108.00,108.00,3.50,324.00,420.50,108.80,0.00,0.00,1720.00,11664
1.00,108.00,108.00,5.50,324.00,383.10,108.80,0.00,0.00,1907.00,11664
1.00,108.00,108.00,8.00,324.00,351.00,108.80,0.00,0.00,2037.00,11664
1.00,108.00,108.00,10.00,324.00,366.20,108.80,0.00,0.00,2266.00,11664
1.00,108.00,108.00,5.50,324.00,383.10,101.30,0.00,0.00,1849.00,11664
1.00,108.00,108.00,5.50,324.00,383.10,105.00,0.00,0.00,1906.00,11664
1.00,108.00,108.00,5.50,324.00,383.10,114.40,0.00,0.00,1908.00,11664
1.00,108.00,108.00,5.50,324.00,383.10,108.00,0.00,0.00,1905.00,11664
1.00,108.00,108.00,5.50,324.00,383.10,127.90,0.00,0.00,2021.00,11664
1.00,108.00,108.00,5.50,324.00,383.10,111.80,0.00,0.00,1951.00,11664
1.00,108.00,108.00,5.50,324.00,383.10,108.70,0.00,0.00,1925.00,11664
1.00,108.00,108.00,5.50,324.00,383.10,116.80,0.00,0.00,1944.00,11664
1.00,108.00,108.00,3.50,324.00,420.50,90.30,0.00,0.00,1633.00,11664
1.00,108.00,108.00,5.50,324.00,383.10,90.30,0.00,0.00,1752.00,11664
1.00,108.00,108.00,8.00,324.00,351.00,90.30,0.00,0.00,1883.00,11664
1.00,108.00,108.00,10.00,324.00,366.20,90.30,0.00,0.00,2175.00,11664
1.00,108.00,108.00,12.00,324.00,430.00,90.30,0.00,0.00,2713.00,11664
1.00,108.00,108.00,10.00,324.00,366.20,103.10,0.00,0.00,2208.00,11664
1.00,108.00,108.00,10.00,324.00,366.20,113.10,0.00,0.00,2331.00,11664
1.00,108.00,108.00,10.00,324.00,366.20,89.70,0.00,0.00,2182.00,11664
1.00,108.00,108.00,10.00,324.00,366.20,95.90,0.00,0.00,2273.00,11664
1.00,108.00,108.00,10.00,324.00,366.20,80.00,0.00,0.00,2086.00,11664
1.00,108.00,108.00,10.00,324.00,366.20,93.70,0.00,0.00,2177.00,11664
1.00,108.00,108.00,10.00,324.00,366.20,97.30,0.00,0.00,2186.00,11664
1.00,108.00,108.00,10.00,324.00,366.20,79.80,0.00,0.00,2097.00,11664
1.00,156.00,156.00,4.00,996.00,295.00,47.50,0.00,0.00,1450.00,24336
1.00,156.00,156.00,4.00,1950.00,295.00,47.50,0.00,0.00,1305.00,24336
1.00,156.00,156.00,4.00,2904.00,295.00,47.50,0.00,0.00,1198.00,24336
